date,open,low,high,close,volume,daily_volatility_percentage,20_days_moving_average_of_close_price,60_days_moving_average_of_close_price,20_days_moving_average_of_volume,60_days_moving_average_of_volume,turnover
2024-01-02,22.020000457763672,22.020000457763672,22.200000762939453,22.200000762939453,4800,0.810812157611601,,,,,106560.00366210938
2024-01-03,22.049999237060547,21.920000076293945,22.190000534057617,22.18000030517578,1300,1.2173149416083024,,,,,28834.000396728516
2024-01-04,22.049999237060547,22.049999237060547,22.049999237060547,22.049999237060547,500,0.0,,,,,11024.999618530273
2024-01-05,22.200000762939453,22.18000030517578,22.200000762939453,22.18000030517578,700,0.09017338813563812,,,,,15526.000213623047
2024-01-08,22.200000762939453,22.100000381469727,22.200000762939453,22.200000762939453,2400,0.45045215330202415,,,,,53280.00183105469
2024-01-09,22.200000762939453,22.19499969482422,22.399999618530273,22.399999618530273,2400,0.9151782464159939,,,,,53759.999084472656
2024-01-10,22.37299919128418,22.315000534057617,22.440000534057617,22.3799991607666,1200,0.558534426664019,,,,,26855.998992919922
2024-01-11,22.450000762939453,22.299999237060547,22.450000762939453,22.450000762939453,1500,0.6681582217428221,,,,,33675.00114440918
2024-01-12,22.200000762939453,22.200000762939453,22.33300018310547,22.325000762939453,1300,0.5957420632513523,,,,,29022.50099182129
2024-01-16,22.25,22.15999984741211,22.25,22.15999984741211,1800,0.40613787548559493,,,,,39887.9997253418
2024-01-17,22.49799919128418,22.49799919128418,22.49799919128418,22.49799919128418,200,0.0,,,,,4499.599838256836
2024-01-18,22.5,22.5,22.5,22.5,200,0.0,,,,,4500.0
2024-01-19,22.479999542236328,22.479999542236328,22.5,22.5,500,0.08889092339409722,,,,,11250.0
2024-01-22,22.309999465942383,22.309999465942383,22.520000457763672,22.5,1100,0.9333377414279513,,,,,24750.0
2024-01-23,22.520000457763672,22.42099952697754,22.520000457763672,22.42099952697754,1200,0.4415544929966761,,,,,26905.199432373047
2024-01-24,22.48900032043457,22.371999740600586,22.510000228881836,22.399999618530273,1900,0.6160736188901087,,,,,42559.99927520752
2024-01-25,22.513999938964844,22.299999237060547,22.513999938964844,22.299999237060547,1300,0.9596444359901474,,,,,28989.99900817871
2024-01-26,22.299999237060547,22.299999237060547,22.299999237060547,22.299999237060547,300,0.0,,,,,6689.999771118164
2024-01-29,22.200000762939453,22.100000381469727,22.31999969482422,22.31999969482422,4100,0.9856600195451966,,,,,91511.9987487793
2024-01-30,22.5,22.350000381469727,22.540000915527344,22.350000381469727,5300,0.8501142318330592,22.330699920654297,,1700.0,,118455.00202178955
2024-01-31,22.360000610351562,22.110000610351562,22.399999618530273,22.25,3300,1.3033663288930828,22.333199882507323,,1625.0,,73425.0
2024-02-01,22.44499969482422,22.44499969482422,22.44499969482422,22.44499969482422,500,0.0,22.346449851989746,,1585.0,,11222.49984741211
2024-02-02,22.5,22.5,22.520000457763672,22.520000457763672,500,0.0888119776071177,22.369949913024904,,1585.0,,11260.000228881836
2024-02-05,22.520000457763672,22.1200008392334,22.600000381469727,22.239999771118164,19600,2.158271345216813,22.372949886322022,,2530.0,,435903.995513916
2024-02-06,22.25,22.023000717163086,22.34000015258789,22.149999618530273,7700,1.4311487173101751,22.370449829101563,,2795.0,,170554.9970626831
2024-02-07,22.190000534057617,22.15999984741211,22.360000610351562,22.360000610351562,5600,0.8944577704835248,22.368449878692626,,2955.0,,125216.00341796875
2024-02-08,22.360000610351562,22.360000610351562,22.360000610351562,22.360000610351562,0,0.0,22.367449951171874,,2895.0,,0.0
2024-02-09,21.68899917602539,21.68899917602539,22.1299991607666,22.1299991607666,3300,1.9927700021021344,22.35144987106323,,2985.0,,73028.99723052979
2024-02-12,22.1299991607666,21.780000686645508,22.1299991607666,21.780000686645508,5400,1.6069718231721482,22.324199867248534,,3190.0,,117612.00370788574
2024-02-13,21.790000915527344,21.790000915527344,22.209999084472656,22.200000762939453,2100,1.8918835788801183,22.3261999130249,,3205.0,,46620.00160217285
2024-02-14,21.864999771118164,21.864999771118164,22.1299991607666,22.104999542236328,5400,1.1988210592002027,22.30654993057251,,3465.0,,119366.99752807617
2024-02-15,22.149999618530273,21.860000610351562,22.295000076293945,22.020000457763672,6800,1.975474372840049,22.282549953460695,,3795.0,,149736.00311279297
2024-02-16,22.049999237060547,21.809999465942383,22.110000610351562,21.850000381469727,1700,1.373002925270431,22.25004997253418,,3855.0,,37145.000648498535
2024-02-20,21.850000381469727,21.850000381469727,21.850000381469727,21.850000381469727,400,0.0,22.217549991607665,,3820.0,,8740.00015258789
2024-02-21,21.860000610351562,21.850000381469727,21.8700008392334,21.850000381469727,1400,0.09153527420820373,22.189000034332274,,3830.0,,30590.000534057617
2024-02-22,21.940000534057617,21.8799991607666,21.940000534057617,21.8799991607666,2000,0.2742293217204739,22.16300001144409,,3835.0,,43759.9983215332
2024-02-23,21.850000381469727,21.850000381469727,22.125999450683594,21.899999618530273,4600,1.2602697443900217,22.143000030517577,,4000.0,,100739.99824523926
2024-02-26,21.950000762939453,21.899999618530273,22.145000457763672,22.139999389648438,2800,1.1065982203592502,22.135000038146973,,4125.0,,61991.998291015625
2024-02-27,22.139999389648438,22.139999389648438,22.139999389648438,22.139999389648438,0,0.0,22.126000022888185,,3920.0,,0.0
2024-02-28,22.139999389648438,22.139999389648438,22.139999389648438,22.139999389648438,300,0.0,22.11549997329712,,3670.0,,6641.999816894531
2024-02-29,22.200000762939453,22.190000534057617,22.200000762939453,22.190000534057617,800,0.04506637512913712,22.1125,,3545.0,,17752.000427246094
2024-03-01,22.239999771118164,22.200000762939453,22.239999771118164,22.200000762939453,1200,0.18017570632468194,22.100250053405762,,3580.0,,26640.000915527344
2024-03-04,22.190000534057617,22.06999969482422,22.190000534057617,22.06999969482422,2200,0.5437283230300208,22.07775001525879,,3665.0,,48553.99932861328
2024-03-05,22.06999969482422,22.06999969482422,22.06999969482422,22.06999969482422,0,0.0,22.06925001144409,,2685.0,,0.0
2024-03-06,22.3799991607666,22.100000381469727,22.3799991607666,22.100000381469727,6800,1.2669627803791654,22.066750049591064,,2640.0,,150280.00259399414
2024-03-07,22.264999389648438,22.264999389648438,22.299999237060547,22.299999237060547,600,0.15694999376476593,22.063749980926513,,2390.0,,13379.999542236328
2024-03-08,22.229999542236328,22.219999313354492,22.229999542236328,22.219999313354492,900,0.04500553191208101,22.05674991607666,,2435.0,,19997.999382019043
2024-03-11,22.229999542236328,22.15999984741211,22.229999542236328,22.209999084472656,2000,0.3151719842850268,22.06074991226196,,2370.0,,44419.99816894531
2024-03-12,22.290000915527344,22.170000076293945,22.299999237060547,22.299999237060547,1900,0.5829558978215341,22.086749839782716,,2195.0,,42369.99855041504
2024-03-13,22.25,22.190000534057617,22.25,22.21500015258789,500,0.2700853726322991,22.087499809265136,,2115.0,,11107.500076293945
2024-03-14,22.190000534057617,22.190000534057617,22.200000762939453,22.200000762939453,400,0.04504607449622371,22.092249870300293,,1865.0,,8880.000305175781
2024-03-15,22.25,22.079999923706055,22.25,22.25,6200,0.7640452867143609,22.10374984741211,,1835.0,,137950.0
2024-03-18,22.219999313354492,21.93000030517578,22.219999313354492,22.010000228881836,4700,1.3175783969241859,22.111749839782714,,1985.0,,103447.00107574463
2024-03-19,21.959999084472656,21.93000030517578,22.094999313354492,21.93000030517578,900,0.7523894477090769,22.115749835968018,,2010.0,,19737.000274658203
2024-03-20,22.100000381469727,22.100000381469727,22.100000381469727,22.100000381469727,400,0.0,22.128249835968017,,1960.0,,8840.00015258789
2024-03-21,22.25,22.049999237060547,22.25,22.049999237060547,600,0.9070329698846509,22.136749839782716,,1890.0,,13229.999542236328
2024-03-22,22.040000915527344,22.020000457763672,22.25,22.149999618530273,1000,1.0383726690627788,22.149249839782716,,1710.0,,22149.999618530273
2024-03-25,22.139999389648438,22.030000686645508,22.260000228881836,22.030000686645508,1700,1.0440287565481232,22.143749904632568,,1655.0,,37451.00116729736
2024-03-26,22.139999389648438,22.099000930786133,22.139999389648438,22.139999389648438,1600,0.18517822941527962,22.143749904632568,,1735.0,,35423.9990234375
2024-03-27,22.139999389648438,22.139999389648438,22.200000762939453,22.184999465942383,1000,0.2704592054785829,22.145999908447266,22.197399934132893,1770.0,2380.0,22184.999465942383
2024-03-28,22.25,22.174999237060547,22.25,22.229999542236328,1900,0.33738535530310715,22.147999858856203,22.197899913787843,1825.0,2331.6666666666665,42236.99913024902
2024-04-01,22.309999465942383,22.1200008392334,22.309999465942383,22.1200008392334,2100,0.8589449344504141,22.1439998626709,22.196899922688804,1870.0,2345.0,46452.00176239014
2024-04-02,22.200000762939453,22.200000762939453,22.200000762939453,22.200000762939453,400,0.0,22.15049991607666,22.199399948120117,1780.0,2343.3333333333335,8880.000305175781
2024-04-03,22.15999984741211,22.15999984741211,22.15999984741211,22.15999984741211,300,0.0,22.154999923706054,22.199066607157388,1795.0,2336.6666666666665,6647.999954223633
2024-04-04,22.280000686645508,22.280000686645508,22.280000686645508,22.280000686645508,600,0.0,22.163999938964842,22.200399939219157,1485.0,2306.6666666666665,13368.000411987305
2024-04-05,22.319000244140625,22.200000762939453,22.319000244140625,22.290000915527344,1200,0.5338693419176854,22.163500022888183,22.19856662750244,1515.0,2286.6666666666665,26748.001098632812
2024-04-08,22.25,22.139999389648438,22.350000381469727,22.350000381469727,3500,0.939601737078268,22.170000076293945,22.198066647847494,1645.0,2325.0,78225.00133514404
2024-04-09,22.329999923706055,22.309999465942383,22.350000381469727,22.309999465942383,2600,0.1792959053558368,22.17500009536743,22.195733292897543,1675.0,2343.3333333333335,58005.998611450195
2024-04-10,22.350000381469727,22.1200008392334,22.350000381469727,22.1299991607666,2600,1.0393111204635073,22.166500091552734,22.19248326619466,1710.0,2365.0,57537.997817993164
2024-04-11,22.1200008392334,22.010000228881836,22.190000534057617,22.18000030517578,5300,0.811543294405535,22.16475009918213,22.19281660715739,1950.0,2423.3333333333335,117554.00161743164
2024-04-12,22.172000885009766,21.959999084472656,22.172000885009766,22.003999710083008,8700,0.9634693843408964,22.154950046539305,22.184583282470705,2365.0,2565.0,191434.79747772217
2024-04-15,21.940000534057617,21.920000076293945,21.940000534057617,21.920000076293945,1200,0.091242963932751,22.138450050354002,22.174916617075603,2115.0,2581.6666666666665,26304.000091552734
2024-04-16,22.0,21.979999542236328,22.3799991607666,21.979999542236328,6500,1.8198345171101673,22.13695001602173,22.16624994277954,2205.0,2681.6666666666665,142869.99702453613
2024-04-17,22.049999237060547,22.040000915527344,22.225000381469727,22.225000381469727,3400,0.8323935332600831,22.151700019836426,22.161666615804037,2330.0,2720.0,75565.00129699707
2024-04-18,22.110000610351562,22.110000610351562,22.219999313354492,22.200000762939453,1600,0.495489636138035,22.15670003890991,22.15798330307007,2390.0,2726.6666666666665,35520.001220703125
2024-04-19,22.42799949645996,22.149999618530273,22.42799949645996,22.149999618530273,500,1.2550784772796024,22.1617000579834,22.153816636403402,2385.0,2703.3333333333335,11074.999809265137
2024-04-22,22.290000915527344,22.290000915527344,22.290000915527344,22.290000915527344,900,0.0,22.16870012283325,22.15364999771118,2380.0,2696.6666666666665,20061.00082397461
2024-04-23,22.347999572753906,22.200000762939453,22.389999389648438,22.389999389648438,11000,0.8485870115602879,22.186700057983398,22.155150000254313,2845.0,2875.0,246289.9932861328
2024-04-24,22.389999389648438,22.145999908447266,22.389999389648438,22.145999908447266,7200,1.101776764245817,22.18700008392334,22.152250003814697,3125.0,2926.6666666666665,159451.1993408203
2024-04-25,22.020000457763672,21.979999542236328,22.059999465942383,22.020000457763672,4400,0.36330573134865135,22.178750133514406,22.146750005086265,3295.0,2911.6666666666665,96888.00201416016
2024-04-26,22.040000915527344,22.040000915527344,22.187000274658203,22.187000274658203,500,0.6625472452838104,22.176600170135497,22.1457000096639,3225.0,2865.0,11093.500137329102
2024-04-29,22.290000915527344,22.270000457763672,22.364999771118164,22.270000457763672,1500,0.42657975483504734,22.18410015106201,22.14278335571289,3195.0,2881.6666666666665,33405.00068664551
2024-04-30,22.329999923706055,22.200000762939453,22.329999923706055,22.200000762939453,700,0.5855817851304823,22.18410015106201,22.13745002746582,3210.0,2885.0,15540.000534057617
2024-05-01,22.25,22.25,22.25,22.25,1800,0.0,22.188600158691408,22.137616697947184,3285.0,2588.3333333333335,40050.0
2024-05-02,22.25,22.25,22.25,22.25,0,0.0,22.18710012435913,22.13928337097168,3255.0,2460.0,0.0
2024-05-03,22.25,22.25,22.389999389648438,22.299999237060547,1800,0.6277999750590637,22.18760004043579,22.138283348083498,3285.0,2396.6666666666665,40139.998626708984
2024-05-06,22.260000228881836,22.260000228881836,22.399999618530273,22.399999618530273,1400,0.6249972858598792,22.19010000228882,22.138949998219807,3180.0,2420.0,31359.999465942383
2024-05-07,22.350000381469727,22.350000381469727,22.420000076293945,22.360000610351562,2300,0.31305766061478724,22.192600059509278,22.14278335571289,3165.0,2403.3333333333335,51428.001403808594
2024-05-08,22.399999618530273,22.350000381469727,22.450000762939453,22.350000381469727,2800,0.44742899222783183,22.203600120544433,22.15228335062663,3175.0,2360.0,62580.001068115234
2024-05-09,22.42799949645996,22.25,22.459999084472656,22.364999771118164,6900,0.9389630521876687,22.212850093841553,22.155033334096274,3255.0,2440.0,154318.49842071533
2024-05-10,22.364999771118164,22.364999771118164,22.364999771118164,22.364999771118164,100,0.0,22.23090009689331,22.159366671244303,2825.0,2351.6666666666665,2236.4999771118164
2024-05-13,22.459999084472656,22.459999084472656,22.469999313354492,22.469999313354492,1100,0.04450480279228378,22.25840005874634,22.166866652170818,2820.0,2256.6666666666665,24716.99924468994
2024-05-14,22.450000762939453,22.25,22.468000411987305,22.34000015258789,6200,0.9758299485152477,22.276400089263916,22.175033315022787,2805.0,2331.6666666666665,138508.00094604492
2024-05-15,22.219999313354492,22.190000534057617,22.25,22.190000534057617,7500,0.27038965524266007,22.27465009689331,22.180699984232586,3010.0,2450.0,166425.00400543213
2024-05-16,22.190000534057617,22.079999923706055,22.239999771118164,22.079999923706055,4400,0.7246369925949435,22.26865005493164,22.184533309936523,3150.0,2500.0,97151.99966430664
2024-05-17,22.26099967956543,22.100000381469727,22.26099967956543,22.100000381469727,1500,0.7285035987180201,22.266150093078615,22.188199996948242,3200.0,2491.6666666666665,33150.00057220459
2024-05-20,22.059999465942383,22.059999465942383,22.079999923706055,22.079999923706055,2700,0.09058178366295422,22.25565004348755,22.191200002034506,3290.0,2460.0,59615.99979400635
2024-05-21,22.079999923706055,22.06999969482422,22.149999618530273,22.145000457763672,11700,0.3612550103967509,22.24340009689331,22.19128335316976,3325.0,2608.3333333333335,259096.50535583496
2024-05-22,22.209999084472656,22.200000762939453,22.31999969482422,22.219999313354492,2600,0.5400492150899608,22.24710006713867,22.192616685231528,3095.0,2651.6666666666665,57771.99821472168
2024-05-23,22.134000778198242,22.134000778198242,22.134000778198242,22.134000778198242,600,0.0,22.252800083160402,22.192516708374022,2905.0,2656.6666666666665,13280.400466918945
2024-05-24,22.209999084472656,22.209999084472656,22.219999313354492,22.219999313354492,1200,0.04500553191208101,22.254450035095214,22.193016688028973,2940.0,2663.3333333333335,26663.99917602539
2024-05-28,22.274999618530273,22.209999084472656,22.3700008392334,22.3700008392334,2700,0.7152514472870504,22.259450054168703,22.19585002263387,3000.0,2688.3333333333335,60399.002265930176
2024-05-29,22.280000686645508,22.139999389648438,22.290000915527344,22.290000915527344,6300,0.6729543280297235,22.263950061798095,22.19951670964559,3280.0,2756.6666666666665,140427.00576782227
2024-05-30,22.31999969482422,22.290000915527344,22.31999969482422,22.290000915527344,300,0.13458402003015477,22.26595010757446,22.20318339665731,3205.0,2761.6666666666665,6687.000274658203
2024-05-31,22.290000915527344,22.139999389648438,22.305999755859375,22.305999755859375,1500,0.7441960370654638,22.26875009536743,22.2066167195638,3280.0,2673.3333333333335,33458.99963378906
2024-06-03,22.309999465942383,22.299999237060547,22.360000610351562,22.350000381469727,2000,0.26846251573562596,22.27125015258789,22.207450071970623,3290.0,2696.6666666666665,44700.00076293945
2024-06-04,22.350000381469727,22.350000381469727,22.350000381469727,22.350000381469727,300,0.0,22.268750190734863,22.20961675643921,3235.0,2686.6666666666665,6705.000114440918
2024-06-05,22.40999984741211,22.40999984741211,22.440000534057617,22.440000534057617,500,0.13369289630798,22.272750186920167,22.213450113932293,3145.0,2661.6666666666665,11220.000267028809
2024-06-06,22.239999771118164,22.200000762939453,22.325000762939453,22.325000762939453,3500,0.5599103951992058,22.271500205993654,22.213866806030275,3180.0,2688.3333333333335,78137.50267028809
2024-06-07,22.350000381469727,22.290000915527344,22.479999542236328,22.459999084472656,8100,0.8459422727240302,22.276250171661378,22.217950121561685,3240.0,2815.0,181925.99258422852
2024-06-10,22.420000076293945,22.420000076293945,22.43000030517578,22.420000076293945,1100,0.04460405373686773,22.279000186920165,22.221616776784263,3290.0,2826.6666666666665,24662.00008392334
2024-06-11,22.450000762939453,22.31100082397461,22.450000762939453,22.31100082397461,1000,0.6230107741983468,22.271050262451173,22.22263345718384,3285.0,2740.0,22311.00082397461
2024-06-12,22.43000030517578,22.329999923706055,22.440000534057617,22.420000076293945,1800,0.4906360837521716,22.275050258636476,22.22946678797404,3065.0,2691.6666666666665,40356.0001373291
2024-06-13,22.450000762939453,22.40999984741211,22.458999633789062,22.40999984741211,2300,0.21865143556710726,22.286050224304198,22.237466780344644,2805.0,2715.0,51542.99964904785
2024-06-14,22.479999542236328,22.333999633789062,22.479999542236328,22.333999633789062,1400,0.6537114302911632,22.29875020980835,22.2413667678833,2655.0,2731.6666666666665,31267.599487304688
2024-06-17,22.350000381469727,22.219999313354492,22.459999084472656,22.459999084472656,4800,1.0685653646534825,22.316750144958498,22.248200098673504,2820.0,2801.6666666666665,107807.99560546875
2024-06-18,22.450000762939453,22.399999618530273,22.530000686645508,22.399999618530273,7200,0.5803619211122295,22.332750129699708,22.25236676534017,3045.0,2905.0,161279.99725341797
2024-06-20,22.530000686645508,22.450000762939453,22.700000762939453,22.479999542236328,1700,1.112099666773969,22.34950008392334,22.259866746266685,2545.0,2905.0,38215.99922180176
2024-06-21,22.649999618530273,22.479999542236328,22.670000076293945,22.479999542236328,1900,0.8451981224494091,22.36250009536743,22.26553341547648,2510.0,2910.0,42711.99913024902
2024-06-24,22.479999542236328,22.479999542236328,22.700000762939453,22.700000762939453,2200,0.9691683405680942,22.390800094604494,22.27411677042643,2590.0,2930.0,49940.0016784668
2024-06-25,22.652000427246094,22.610000610351562,22.68000030517578,22.68000030517578,1400,0.3086406255834317,22.413800144195555,22.28161678314209,2600.0,2921.6666666666665,31752.000427246094
2024-06-26,22.56999969482422,22.299999237060547,22.56999969482422,22.350000381469727,7300,1.2080557188156824,22.412800121307374,22.285450108846028,2830.0,3008.3333333333335,163155.002784729
2024-06-27,22.420000076293945,22.31999969482422,22.420000076293945,22.31999969482422,2400,0.44803038905469,22.414300060272218,22.287450091044107,2635.0,3041.6666666666665,53567.999267578125
2024-06-28,22.420000076293945,22.31999969482422,22.420000076293945,22.40999984741211,1900,0.44623106716029065,22.420300006866455,22.291616757710774,2715.0,3068.3333333333335,42578.99971008301
2024-07-01,22.40999984741211,22.34000015258789,22.420000076293945,22.34000015258789,1900,0.3581017151281774,22.422000026702882,22.292616748809813,2735.0,3090.0,42446.00028991699
2024-07-02,22.40999984741211,22.350000381469727,22.40999984741211,22.350000381469727,2100,0.2684539817374145,22.422000026702882,22.293616739908853,2740.0,3105.0,46935.000801086426
2024-07-03,22.399999618530273,22.399999618530273,22.479999542236328,22.479999542236328,1600,0.3558715539817855,22.42849998474121,22.295783392588298,2805.0,3073.3333333333335,35967.999267578125
2024-07-05,22.350000381469727,22.341999053955078,22.46500015258789,22.341999053955078,2000,0.5505375697840176,22.423599910736083,22.296316719055177,2880.0,3063.3333333333335,44683.998107910156
2024-07-08,22.420000076293945,22.420000076293945,22.420000076293945,22.420000076293945,200,0.0,22.428349876403807,22.3011500676473,2715.0,3023.3333333333335,4484.000015258789
2024-07-09,22.479999542236328,22.357999801635742,22.479999542236328,22.357999801635742,2100,0.5456648254897125,22.423249912261962,22.30411672592163,2415.0,2970.0,46951.79958343506
2024-07-10,22.389999389648438,22.389999389648438,22.389999389648438,22.389999389648438,300,0.0,22.421749877929688,22.310550053914387,2375.0,2830.0,6716.999816894531
2024-07-11,22.479999542236328,22.479999542236328,22.540000915527344,22.530000686645508,1600,0.2663176718258202,22.43269987106323,22.32071673075358,2405.0,2836.6666666666665,36048.00109863281
2024-07-12,22.530000686645508,22.399999618530273,22.600000381469727,22.600000381469727,1900,0.8849591131132832,22.44169988632202,22.33105007807414,2410.0,2760.0,42940.00072479248
2024-07-15,22.6299991607666,22.424999237060547,22.68000030517578,22.424999237060547,4300,1.1371285475622595,22.442449855804444,22.334383392333983,2510.0,2775.0,96427.49671936035
2024-07-16,22.5,22.5,22.600000381469727,22.600000381469727,2000,0.4424795565566416,22.455749893188475,22.34105005264282,2540.0,2781.6666666666665,45200.00076293945
2024-07-17,22.3700008392334,22.351999282836914,22.573999404907227,22.351999282836914,400,0.9932002916659733,22.45034990310669,22.3444167137146,2320.0,2780.0,8940.799713134766
2024-07-18,22.399999618530273,22.399999618530273,22.649999618530273,22.549999237060547,2100,1.1086474876199959,22.4578498840332,22.348750019073485,2065.0,2800.0,47354.99839782715
2024-07-19,22.420000076293945,22.420000076293945,22.420000076293945,22.420000076293945,200,0.0,22.454849910736083,22.349250030517577,1990.0,2620.0,4484.000015258789
2024-07-22,22.450000762939453,22.450000762939453,22.549999237060547,22.549999237060547,500,0.44345222840073506,22.458349895477294,22.355983352661134,1920.0,2508.3333333333335,11274.999618530273
2024-07-23,22.549999237060547,22.549999237060547,22.549999237060547,22.549999237060547,200,0.0,22.45084981918335,22.364816665649414,1820.0,2438.3333333333335,4509.999847412109
2024-07-24,22.5,22.5,22.5,22.5,300,0.0,22.441849803924562,22.370033327738444,1765.0,2435.0,6750.0
2024-07-25,22.649999618530273,22.5,22.649999618530273,22.51799964904785,1200,0.6661320759751234,22.450249767303468,22.37416664759318,1460.0,2430.0,27021.599578857422
2024-07-26,22.542999267578125,22.542999267578125,22.542999267578125,22.542999267578125,1000,0.0,22.46139974594116,22.379883289337158,1390.0,2435.0,22542.999267578125
2024-07-29,22.489999771118164,22.489999771118164,22.530000686645508,22.520000457763672,2200,0.1776239552142354,22.46689977645874,22.384383296966554,1405.0,2441.6666666666665,49544.00100708008
2024-07-30,22.5,22.5,22.540000915527344,22.540000915527344,1700,0.1774663438446799,22.476899814605712,22.389216645558676,1395.0,2470.0,38318.001556396484
2024-07-31,22.549999237060547,22.549999237060547,22.559999465942383,22.559999465942383,1000,0.04432725673124569,22.487399768829345,22.393549982706705,1340.0,2456.6666666666665,22559.999465942383
2024-08-01,22.56999969482422,22.52199935913086,22.56999969482422,22.56999969482422,1800,0.21267317830033855,22.49189977645874,22.396383317311606,1350.0,2463.3333333333335,40625.999450683594
2024-08-02,22.579999923706055,22.53499984741211,22.579999923706055,22.56999969482422,600,0.19938004830485126,22.5032998085022,22.399883302052817,1280.0,2435.0,13541.999816894531
2024-08-05,22.5,22.5,22.56999969482422,22.56999969482422,800,0.31014486384894,22.51079978942871,22.40354995727539,1310.0,2401.6666666666665,18055.999755859375
2024-08-06,22.579999923706055,22.579999923706055,22.579999923706055,22.579999923706055,700,0.0,22.521899795532228,22.407133293151855,1240.0,2298.3333333333335,15805.999946594238
2024-08-07,22.59000015258789,22.572999954223633,22.610000610351562,22.572999954223633,2300,0.16391554601942263,22.531049823760988,22.41059996287028,1340.0,2335.0,51917.899894714355
2024-08-08,22.5,22.350000381469727,22.6200008392334,22.6200008392334,2600,1.193635931681169,22.53554983139038,22.413099988301596,1390.0,2360.0,58812.002182006836
2024-08-09,22.6200008392334,22.399999618530273,22.75,22.399999618530273,700,1.5625017295990966,22.525549793243407,22.414099979400635,1330.0,2268.3333333333335,15679.999732971191
2024-08-12,22.56999969482422,22.489999771118164,22.56999969482422,22.489999771118164,1500,0.3557133148964778,22.52879981994629,22.41909996668498,1190.0,2168.3333333333335,33734.999656677246
2024-08-13,22.56999969482422,22.565000534057617,22.639999389648438,22.639999389648438,1700,0.33126703892541454,22.530799770355223,22.42843329111735,1175.0,2123.3333333333335,38487.998962402344
2024-08-14,22.639999389648438,22.639999389648438,22.670000076293945,22.65999984741211,1900,0.1323949110658712,22.546199798583984,22.437766615549723,1250.0,2130.0,43053.99971008301
2024-08-15,22.670000076293945,22.670000076293945,22.68000030517578,22.670000076293945,800,0.044112169599386956,22.552199840545654,22.447599951426188,1185.0,2098.3333333333335,18136.000061035156
2024-08-16,22.420000076293945,22.420000076293945,22.68000030517578,22.68000030517578,1100,1.1463854734715393,22.565199851989746,22.456516615549724,1230.0,1921.6666666666667,24948.00033569336
2024-08-19,22.6200008392334,22.5,22.68000030517578,22.68000030517578,1500,0.7936521285438588,22.57169990539551,22.464183298746743,1280.0,1903.3333333333333,34020.00045776367
2024-08-20,22.53499984741211,22.53499984741211,22.649999618530273,22.649999618530273,500,0.507725267350915,22.576699924468993,22.472783279418945,1295.0,1901.6666666666667,11324.999809265137
2024-08-21,22.690000534057617,22.690000534057617,22.690000534057617,22.690000534057617,600,0.0,22.586199951171874,22.48061663309733,1310.0,1891.6666666666667,13614.00032043457
2024-08-22,22.709999084472656,22.69499969482422,22.709999084472656,22.709999084472656,1500,0.06604751322378047,22.595799922943115,22.486283270517983,1325.0,1871.6666666666667,34064.998626708984
2024-08-23,22.683000564575195,22.549999237060547,22.683000564575195,22.635000228881836,1600,0.5875914564601649,22.6003999710083,22.492033259073892,1355.0,1793.3333333333333,36216.00036621094
2024-08-26,22.639999389648438,22.639999389648438,22.639999389648438,22.639999389648438,300,0.0,22.606399917602538,22.49786656697591,1260.0,1793.3333333333333,6791.999816894531
2024-08-27,22.549999237060547,22.549999237060547,22.719999313354492,22.719999313354492,1300,0.7482397950338919,22.615399837493896,22.50476655960083,1240.0,1790.0,29535.99910736084
2024-08-28,22.549999237060547,22.549999237060547,22.729999542236328,22.729999542236328,1000,0.7919063299641036,22.623899841308592,22.51109987894694,1240.0,1773.3333333333333,22729.999542236328
2024-08-29,22.729999542236328,22.579999923706055,22.729999542236328,22.719999313354492,1600,0.6602096085544589,22.631399822235107,22.517266527811685,1230.0,1795.0,36351.99890136719
2024-08-30,22.739999771118164,22.56999969482422,22.739999771118164,22.719999313354492,1800,0.7482397950338919,22.63889980316162,22.521933174133302,1290.0,1816.6666666666667,40895.998764038086
2024-09-03,22.639999389648438,22.639999389648438,22.639999389648438,22.639999389648438,400,0.0,22.642399787902832,22.52718315124512,1270.0,1765.0,9055.999755859375
2024-09-04,22.739999771118164,22.709999084472656,22.739999771118164,22.709999084472656,500,0.1321034251649088,22.64889974594116,22.531349817911785,1260.0,1638.3333333333333,11354.999542236328
2024-09-05,22.739999771118164,22.739999771118164,22.739999771118164,22.739999771118164,200,0.0,22.65724973678589,22.536683146158854,1155.0,1623.3333333333333,4547.999954223633
2024-09-06,22.722999572753906,22.722999572753906,22.722999572753906,22.722999572753906,400,0.0,22.662399673461913,22.54354979197184,1045.0,1613.3333333333333,9089.199829101562
2024-09-09,22.6200008392334,22.6200008392334,22.75,22.739999771118164,2500,0.5716761744725791,22.679399681091308,22.548883120218914,1135.0,1625.0,56849.99942779541
2024-09-10,22.75,22.7450008392334,22.770000457763672,22.770000457763672,3600,0.10979191053002177,22.693399715423585,22.55488313039144,1240.0,1646.6666666666667,81972.00164794922
2024-09-11,22.770000457763672,22.739999771118164,22.770000457763672,22.760000228881836,900,0.13181320889196538,22.699399757385255,22.561983140309653,1200.0,1638.3333333333333,20484.000205993652
2024-09-12,22.760000228881836,22.760000228881836,22.777999877929688,22.777999877929688,800,0.07902207895475485,22.70529975891113,22.567283153533936,1145.0,1571.6666666666667,18222.39990234375
2024-09-13,22.760000228881836,22.760000228881836,22.760000228881836,22.760000228881836,400,0.0,22.709799766540527,22.57328316370646,1125.0,1458.3333333333333,9104.000091552734
2024-09-16,22.8799991607666,22.469999313354492,23.469999313354492,22.924999237060547,2300,4.36205030874505,22.722049713134766,22.580699825286864,1185.0,1468.3333333333333,52727.49824523926
2024-09-17,22.790000915527344,22.790000915527344,22.790000915527344,22.790000915527344,200,0.0,22.727549743652343,22.585866514841715,1120.0,1440.0,4558.000183105469
2024-09-18,22.670000076293945,22.549999237060547,22.670000076293945,22.549999237060547,500,0.5321545157135928,22.722549724578858,22.583366489410402,1120.0,1411.6666666666667,11274.999618530273
2024-09-19,22.739999771118164,22.700000762939453,22.780000686645508,22.780000686645508,600,0.35118490471755626,22.72704973220825,22.585033162434897,1120.0,1398.3333333333333,13668.000411987305
2024-09-20,22.774999618530273,22.774999618530273,22.8799991607666,22.8799991607666,1600,0.45891410003360367,22.73554973602295,22.593866475423177,1125.0,1303.3333333333333,36607.99865722656
2024-09-23,22.799999237060547,22.700000762939453,22.920000076293945,22.90999984741211,2800,0.9602763632464323,22.749299716949462,22.60369981129964,1185.0,1310.0,64147.999572753906
2024-09-24,22.90999984741211,22.709999084472656,22.920000076293945,22.709999084472656,1000,0.9247071787196659,22.752799701690673,22.608699798583984,1220.0,1295.0,22709.999084472656
2024-09-25,22.90999984741211,22.90999984741211,22.90999984741211,22.90999984741211,600,0.0,22.762299728393554,22.61819979349772,1185.0,1273.3333333333333,13745.999908447266
2024-09-26,22.75,22.69499969482422,22.84000015258789,22.84000015258789,3700,0.6348531383317113,22.76779975891113,22.62636645634969,1320.0,1300.0,84508.0005645752
2024-09-27,23.0,22.777000427246094,23.0,22.851999282836914,1300,0.9758427260296256,22.774399757385254,22.632566452026367,1305.0,1295.0,29707.59906768799
2024-09-30,22.90999984741211,22.8700008392334,22.90999984741211,22.899999618530273,700,0.17466816089527115,22.783399772644042,22.641866461435953,1250.0,1273.3333333333333,16029.999732971191
2024-10-01,22.90999984741211,22.780000686645508,22.940000534057617,22.940000534057617,1900,0.6974709838152243,22.7983998298645,22.650533135732015,1325.0,1301.6666666666667,43586.00101470947
2024-10-02,22.899999618530273,22.899999618530273,22.90999984741211,22.90999984741211,1500,0.04365006088363442,22.808399868011474,22.659733136494953,1375.0,1291.6666666666667,34364.999771118164
2024-10-03,22.899999618530273,22.899999618530273,22.899999618530273,22.899999618530273,400,0.0,22.81639986038208,22.668233140309653,1385.0,1293.3333333333333,9159.99984741211
2024-10-04,22.899999618530273,22.889999389648438,22.90999984741211,22.889999389648438,600,0.08737640147214987,22.824749851226805,22.674233118693035,1395.0,1276.6666666666667,13733.999633789062
2024-10-07,22.799999237060547,22.799999237060547,22.799999237060547,22.799999237060547,400,0.0,22.827749824523927,22.67756643295288,1290.0,1251.6666666666667,9119.999694824219
2024-10-08,22.75,22.600000381469727,22.75,22.700000762939453,8500,0.6607912488494991,22.824249839782716,22.682149791717528,1535.0,1321.6666666666667,192950.00648498535
2024-10-09,22.673999786376953,22.673999786376953,22.690000534057617,22.674999237060547,600,0.07056559302772573,22.819999790191652,22.683399772644044,1520.0,1298.3333333333333,13604.999542236328
2024-10-10,22.729999542236328,22.549999237060547,22.729999542236328,22.65999984741211,3900,0.7943526318970308,22.81409978866577,22.688533115386964,1675.0,1356.6666666666667,88373.99940490723
2024-10-11,22.65999984741211,22.65999984741211,22.81999969482422,22.81999969482422,4100,0.7011386921639564,22.81709976196289,22.693033123016356,1860.0,1390.0,93561.9987487793
2024-10-14,22.81999969482422,22.75,22.940000534057617,22.940000534057617,2200,0.8282499112218197,22.817849826812743,22.70169979731242,1855.0,1423.3333333333333,50468.00117492676
2024-10-15,22.899999618530273,22.899999618530273,22.899999618530273,22.899999618530273,300,0.0,22.82334976196289,22.70753313700358,1860.0,1420.0,6869.999885559082
2024-10-16,22.899999618530273,22.8799991607666,22.920000076293945,22.920000076293945,1400,0.17452406367448717,22.84184980392456,22.71369981765747,1905.0,1440.0,32088.000106811523
2024-10-17,22.78499984741211,22.78499984741211,22.899999618530273,22.860000610351562,11500,0.5030611025709657,22.845849800109864,22.719699827829995,2450.0,1626.6666666666667,262890.00701904297
2024-10-18,22.899999618530273,22.809999465942383,22.899999618530273,22.809999465942383,2000,0.3945644660021579,22.842349815368653,22.724566491444907,2470.0,1640.0,45619.998931884766
2024-10-21,22.860000610351562,22.850000381469727,22.899999618530273,22.899999618530273,2300,0.2183372833774564,22.84184980392456,22.730516497294108,2445.0,1661.6666666666667,52669.99912261963
2024-10-22,22.940000534057617,22.940000534057617,22.940000534057617,22.940000534057617,400,0.0,22.853349876403808,22.737516498565675,2415.0,1631.6666666666667,9176.000213623047
2024-10-23,22.940000534057617,22.899999618530273,22.979999542236328,22.917999267578125,6700,0.34907027778480565,22.85374984741211,22.743816471099855,2720.0,1715.0,153550.59509277344
2024-10-24,22.969999313354492,22.969999313354492,23.040000915527344,23.040000915527344,7000,0.30382638624669234,22.86374988555908,22.751816495259604,2885.0,1815.0,161280.0064086914
2024-10-25,23.040000915527344,23.040000915527344,23.040000915527344,23.040000915527344,0,0.0,22.873149967193605,22.75964984893799,2820.0,1785.0,0.0
2024-10-28,23.0,23.0,23.0,23.0,700,0.0,22.87814998626709,22.766816520690917,2820.0,1786.6666666666667,16100.0
2024-10-29,22.979999542236328,22.979999542236328,23.059999465942383,23.059999465942383,3100,0.3469207526401188,22.884149932861327,22.774983183542886,2880.0,1825.0,71485.99834442139
2024-10-30,22.993000030517578,22.993000030517578,22.993000030517578,22.993000030517578,200,0.0,22.8882999420166,22.78186651865641,2815.0,1816.6666666666667,4598.600006103516
2024-10-31,23.059999465942383,22.979999542236328,23.110000610351562,23.045000076293945,2800,0.5641183236487145,22.895549964904784,22.789733187357584,2935.0,1825.0,64526.00021362305
2024-11-01,23.045000076293945,23.045000076293945,23.045000076293945,23.045000076293945,0,0.0,22.90329999923706,22.79681650797526,2905.0,1781.6666666666667,0.0
2024-11-04,23.045000076293945,23.045000076293945,23.045000076293945,23.045000076293945,0,0.0,22.91555004119873,22.807566515604655,2885.0,1770.0,0.0
2024-11-05,23.059999465942383,23.059999465942383,23.059999465942383,23.059999465942383,100,0.0,22.93354997634888,22.81706651051839,2465.0,1746.6666666666667,2305.9999465942383
2024-11-06,23.059999465942383,23.059999465942383,23.059999465942383,23.059999465942383,500,0.0,22.952799987792968,22.824066511789958,2460.0,1726.6666666666667,11529.999732971191
2024-11-07,23.05500030517578,23.05500030517578,23.05500030517578,23.05500030517578,500,0.0,22.972550010681154,22.830649852752686,2290.0,1703.3333333333333,11527.50015258789
2024-11-08,22.979999542236328,22.979999542236328,22.979999542236328,22.979999542236328,2100,0.0,22.980550003051757,22.83581651051839,2190.0,1725.0,48257.99903869629
2024-11-11,23.06999969482422,23.06999969482422,23.1299991607666,23.1299991607666,400,0.25940107271665913,22.99004993438721,22.843316491444906,2100.0,1713.3333333333333,9251.99966430664
2024-11-12,23.06999969482422,23.06999969482422,23.06999969482422,23.06999969482422,200,0.0,22.998549938201904,22.84981648127238,2095.0,1691.6666666666667,4613.999938964844
2024-11-13,23.049999237060547,23.049999237060547,23.139999389648438,23.076000213623047,1500,0.3900162582541429,23.006349945068358,22.856916491190592,2100.0,1708.3333333333333,34614.00032043457
2024-11-14,23.079999923706055,22.979999542236328,23.079999923706055,22.979999542236328,700,0.4351626782495353,23.0123498916626,22.861749807993572,1560.0,1710.0,16085.99967956543
2024-11-15,23.0,23.0,23.079999923706055,23.079999923706055,1700,0.3466201211893625,23.025849914550783,22.86791648864746,1545.0,1713.3333333333333,39235.99987030029
2024-11-18,23.079999923706055,23.0,23.079999923706055,23.0,1600,0.34782575524371606,23.030849933624268,22.873999818166098,1510.0,1713.3333333333333,36800.0
2024-11-19,23.0,23.0,23.08799934387207,23.0,1400,0.38260584292204486,23.033849906921386,22.879999828338622,1560.0,1731.6666666666667,32200.0
2024-11-20,23.020000457763672,23.0,23.09000015258789,23.09000015258789,1000,0.3897797834263052,23.042449951171875,22.886166508992513,1275.0,1726.6666666666667,23090.00015258789
2024-11-21,23.040000915527344,23.040000915527344,23.040000915527344,23.040000915527344,200,0.0,23.042449951171875,22.891333198547365,935.0,1713.3333333333333,4608.000183105469
2024-11-22,22.959999084472656,22.959999084472656,23.040000915527344,23.040000915527344,1100,0.34723015571050553,23.042449951171875,22.89666655858358,990.0,1705.0,25344.001007080078
2024-11-25,22.860000610351562,22.799999237060547,22.959999084472656,22.799999237060547,8400,0.7017537402020417,23.0324499130249,22.897999890645345,1375.0,1815.0,191519.9935913086
2024-11-26,23.02899932861328,23.0,23.02899932861328,23.014999389648438,1000,0.1260018656629833,23.030199909210204,22.904249890645346,1270.0,1825.0,23014.999389648438
2024-11-27,22.920000076293945,22.860000610351562,23.03499984741211,22.920000076293945,800,0.7635219741624164,23.026549911499025,22.9077499071757,1300.0,1830.0,18336.000061035156
2024-11-29,22.920000076293945,22.920000076293945,23.1299991607666,22.979999542236328,1200,0.9138341542900654,23.023299884796142,22.911749903361002,1220.0,1846.6666666666667,27575.999450683594
2024-12-02,22.979999542236328,22.979999542236328,22.979999542236328,22.979999542236328,0,0.0,23.020049858093262,22.916033236185708,1220.0,1840.0,0.0
2024-12-03,22.899999618530273,22.899999618530273,23.219999313354492,23.059999465942383,2700,1.3876830105604752,23.020799827575683,22.92136656443278,1355.0,1843.3333333333333,62261.99855804443
2024-12-04,22.920000076293945,22.90999984741211,23.200000762939453,23.200000762939453,3400,1.2500039051317706,23.027799892425538,22.92853323618571,1520.0,1840.0,78880.00259399414
2024-12-05,23.200000762939453,23.200000762939453,23.200000762939453,23.200000762939453,0,0.0,23.03479995727539,22.935866578420004,1495.0,1825.0,0.0
2024-12-06,22.950000762939453,22.950000762939453,23.062000274658203,22.950000762939453,1400,0.4880152853833937,23.029549980163573,22.938733259836834,1540.0,1835.0,32130.001068115234
2024-12-09,22.950000762939453,22.950000762939453,23.0,22.950000762939453,2700,0.21786159214986855,23.028050041198732,22.94189993540446,1570.0,1873.3333333333333,61965.00205993652
2024-12-10,23.09000015258789,23.059999465942383,23.15999984741211,23.15999984741211,2300,0.4317805791389095,23.029550075531006,22.945816612243654,1665.0,1873.3333333333333,53267.99964904785
2024-12-11,22.959999084472656,22.94499969482422,22.979999542236328,22.979999542236328,1100,0.15230569238167757,23.02505006790161,22.948983256022135,1710.0,1888.3333333333333,25277.99949645996
2024-12-12,23.025999069213867,23.0,23.025999069213867,23.017000198364258,1700,0.11295594121650508,23.022100067138673,22.956766605377197,1720.0,1908.3333333333333,39128.90033721924
2024-12-13,23.020000457763672,22.899999618530273,23.059999465942383,22.899999618530273,11000,0.6986893016480242,23.01810007095337,22.958766587575276,2235.0,2081.6666666666665,251899.995803833
2024-12-16,22.850000381469727,22.850000381469727,23.0,23.0,2000,0.6521722544794497,23.014100074768066,22.9607666015625,2250.0,2088.3333333333335,46000.0
2024-12-17,22.850000381469727,22.850000381469727,23.1299991607666,22.979999542236328,4900,1.2184455390534206,23.01310005187988,22.961933263142903,2415.0,2123.3333333333335,112601.99775695801
2024-12-18,22.979999542236328,22.979999542236328,22.979999542236328,22.979999542236328,0,0.0,23.0121000289917,22.9664332707723,2345.0,2106.6666666666665,0.0
2024-12-19,22.75,22.687000274658203,22.75,22.738000869750977,1100,0.2770680048025121,22.994500064849852,22.96356662114461,2350.0,2115.0,25011.800956726074
2024-12-20,22.760000228881836,22.71299934387207,22.760000228881836,22.75,3100,0.20659729674622254,22.980000019073486,22.96206661860148,2495.0,2105.0,70525.0
2024-12-23,22.68000030517578,22.68000030517578,22.729999542236328,22.68000030517578,1700,0.22045518689493404,22.96199998855591,22.959199968973795,2525.0,2111.6666666666665,38556.00051879883
2024-12-24,22.739999771118164,22.739999771118164,22.81999969482422,22.739999771118164,4800,0.35180265836089303,22.959000015258788,22.95653330485026,2345.0,2180.0,109151.99890136719
2024-12-26,22.739999771118164,22.739999771118164,22.739999771118164,22.739999771118164,600,0.0,22.945250034332275,22.95319995880127,2325.0,2158.3333333333335,13643.999862670898
2024-12-27,22.850000381469727,22.75,22.889999389648438,22.889999389648438,3100,0.6116181449604998,22.94375,22.95286661783854,2440.0,2185.0,70958.99810791016
2024-12-30,22.760000228881836,22.760000228881836,22.802000045776367,22.775999069213867,6500,0.18440384005504312,22.93354997634888,22.9507999420166,2705.0,2286.6666666666665,148043.99394989014
2024-12-31,22.780000686645508,22.709999084472656,22.799999237060547,22.739999771118164,12200,0.3957790391106286,22.921549987792968,22.94829994837443,3315.0,2480.0,277427.9972076416
2025-01-02,22.780000686645508,22.75,22.790000915527344,22.790000915527344,2400,0.17551958718917918,22.908050060272217,22.94813330968221,3300.0,2513.3333333333335,54696.002197265625
2025-01-03,22.799999237060547,22.799999237060547,22.844999313354492,22.809999465942383,1900,0.19728223300107894,22.888549995422363,22.949966621398925,3225.0,2403.3333333333335,43338.99898529053
2025-01-06,22.799999237060547,22.799999237060547,22.799999237060547,22.799999237060547,800,0.0,22.86854991912842,22.95204995473226,3265.0,2406.6666666666665,18239.999389648438
2025-01-07,22.799999237060547,22.799999237060547,22.799999237060547,22.799999237060547,1100,0.0,22.861049842834472,22.954383277893065,3250.0,2360.0,25079.9991607666
2025-01-08,22.799999237060547,22.799999237060547,22.799999237060547,22.799999237060547,600,0.0,22.853549766540528,22.95404993693034,3145.0,2301.6666666666665,13679.999542236328
2025-01-10,22.799999237060547,22.799999237060547,22.809999465942383,22.809999465942383,1500,0.0438414253221149,22.83604974746704,22.95188325246175,3105.0,2290.0,34214.999198913574
2025-01-13,22.81999969482422,22.81999969482422,22.81999969482422,22.81999969482422,400,0.0,22.828049755096437,22.950549920399983,3070.0,2291.6666666666665,9127.999877929688
2025-01-14,22.80500030517578,22.804000854492188,22.809999465942383,22.809999465942383,1400,0.02629816567576795,22.817699718475343,22.948716576894125,3055.0,2291.6666666666665,31933.999252319336
2025-01-15,22.81999969482422,22.81999969482422,22.8799991607666,22.8799991607666,1000,0.2622354376885935,22.816699695587157,22.94904988606771,2555.0,2116.6666666666665,22879.9991607666
2025-01-16,22.8799991607666,22.829999923706055,22.969999313354492,22.969999313354492,22600,0.6094880010163669,22.815199661254884,22.951716550191243,3585.0,2460.0,519121.9844818115
2025-01-17,22.81999969482422,22.81999969482422,22.90999984741211,22.850000381469727,3100,0.39387374654433926,22.808699703216554,22.950883229573567,3495.0,2473.3333333333335,70835.00118255615
2025-01-21,22.899999618530273,22.8799991607666,22.920000076293945,22.920000076293945,700,0.17452406367448717,22.805699729919432,22.95054988861084,3530.0,2478.3333333333335,16044.000053405762
2025-01-22,22.950000762939453,22.68000030517578,22.950000762939453,22.899999618530273,16300,1.179041319918592,22.8137996673584,22.950249894460043,4290.0,2638.3333333333335,373269.99378204346
2025-01-23,22.889999389648438,22.889999389648438,22.93000030517578,22.93000030517578,3300,0.17444795026153884,22.822799682617188,22.94841655095418,4300.0,2576.6666666666665,75669.00100708008
2025-01-24,22.93000030517578,22.93000030517578,22.950000762939453,22.950000762939453,500,0.08714796121475249,22.836299705505372,22.94691654841105,4240.0,2585.0,11475.000381469727
2025-01-27,22.989999771118164,22.979999542236328,22.989999771118164,22.979999542236328,2400,0.04351709782872673,22.84829969406128,22.946583207448324,4120.0,2613.3333333333335,55151.99890136719
2025-01-28,22.979999542236328,22.979999542236328,23.059999465942383,23.059999465942383,300,0.3469207526401188,22.86429967880249,22.946583207448324,4105.0,2566.6666666666665,6917.999839782715
2025-01-29,22.979999542236328,22.979999542236328,22.979999542236328,22.979999542236328,500,0.0,22.868799686431885,22.946366532643637,3975.0,2571.6666666666665,11489.999771118164
2025-01-30,22.989999771118164,22.989999771118164,22.989999771118164,22.989999771118164,400,0.0,22.8794997215271,22.945449860890708,3670.0,2531.6666666666665,9195.999908447266
2025-01-31,22.989999771118164,22.96500015258789,23.0,23.0,2200,0.15217324961786685,22.892499732971192,22.944699859619142,3170.0,2568.3333333333335,50600.0
2025-02-03,23.0,23.0,23.030000686645508,23.027999877929688,4100,0.13027916798914366,22.90439968109131,22.944416522979736,3255.0,2636.6666666666665,94414.79949951172
2025-02-04,23.03499984741211,23.020000457763672,23.03499984741211,23.030000686645508,800,0.06512978376563945,22.915399742126464,22.94391654332479,3200.0,2648.3333333333335,18424.000549316406
2025-02-05,23.020000457763672,23.020000457763672,23.100000381469727,23.040000915527344,2200,0.34722187728794907,22.927399826049804,22.943583234151205,3270.0,2676.6666666666665,50688.002014160156
2025-02-06,23.040000915527344,23.040000915527344,23.049999237060547,23.049999237060547,1400,0.04337666752338757,22.939899826049803,22.94349988301595,3285.0,2691.6666666666665,32269.998931884766
2025-02-07,23.020000457763672,23.020000457763672,23.049999237060547,23.049999237060547,3600,0.13014655223346808,22.952399826049806,22.944666544596355,3435.0,2716.6666666666665,82979.99725341797
2025-02-10,23.049999237060547,23.049999237060547,23.049999237060547,23.049999237060547,0,0.0,22.964399814605713,22.943333212534586,3360.0,2710.0,0.0
2025-02-11,22.989999771118164,22.940000534057617,23.030000686645508,22.989999771118164,1500,0.3914752217655777,22.97289981842041,22.941999880472817,3415.0,2731.6666666666665,34484.999656677246
2025-02-12,22.989999771118164,22.989999771118164,22.989999771118164,22.989999771118164,0,0.0,22.9818998336792,22.940566539764404,3345.0,2706.6666666666665,0.0
2025-02-13,23.065000534057617,23.065000534057617,23.065000534057617,23.065000534057617,200,0.0,22.99114990234375,22.941983222961426,3305.0,2698.3333333333335,4613.000106811523
2025-02-14,23.049999237060547,23.049999237060547,23.100000381469727,23.100000381469727,900,0.21645516702800327,22.997649955749512,22.942316563924155,2220.0,2685.0,20790.000343322754
2025-02-18,23.049999237060547,23.049999237060547,23.06999969482422,23.049999237060547,2300,0.08676988471008051,23.007649898529053,22.94314988454183,2180.0,2696.6666666666665,53014.99824523926
2025-02-19,23.059999465942383,23.049999237060547,23.06999969482422,23.049999237060547,4500,0.08676988471008051,23.014149856567382,22.943983205159505,2370.0,2748.3333333333335,103724.99656677246
2025-02-20,22.9950008392334,22.9950008392334,23.06999969482422,23.049999237060547,2200,0.3253746554153229,23.021649837493896,22.94331652323405,1665.0,2768.3333333333335,50709.9983215332
2025-02-21,23.06999969482422,22.969999313354492,23.09000015258789,23.0,1500,0.5217427792756454,23.025149822235107,22.942649841308594,1575.0,2790.0,34500.0
2025-02-24,22.98900032043457,22.950000762939453,23.0,23.0,2700,0.217387987219769,23.027649784088133,22.94198315938314,1685.0,2816.6666666666665,62100.0
2025-02-25,23.079999923706055,23.06999969482422,23.089000701904297,23.089000701904297,800,0.08229462732231192,23.033099842071532,22.94679985046387,1605.0,2690.0,18471.200561523438
2025-02-26,23.0,23.0,23.031999588012695,23.030000686645508,1000,0.1389474036414208,23.031599903106688,22.947049872080484,1640.0,2690.0,23030.000686645508
2025-02-27,23.06999969482422,23.049999237060547,23.06999969482422,23.049999237060547,1200,0.08676988471008051,23.0350998878479,22.94921652475993,1675.0,2696.6666666666665,27659.999084472656
2025-02-28,23.079999923706055,23.010000228881836,23.100000381469727,23.040000915527344,3100,0.3906256467517622,23.037599945068358,22.95021654764811,1810.0,2728.3333333333335,71424.00283813477
2025-03-03,23.079999923706055,23.079999923706055,23.097000122070312,23.097000122070312,1600,0.07360349081876348,23.042449951171875,22.95216655731201,1780.0,2755.0,36955.2001953125
2025-03-04,23.079999923706055,23.079999923706055,23.079999923706055,23.079999923706055,600,0.0,23.045049953460694,22.95249989827474,1605.0,2720.0,13847.999954223633
2025-03-05,23.016000747680664,23.0,23.079999923706055,23.06999969482422,800,0.3467703717568872,23.047049903869627,22.950333213806154,1605.0,2676.6666666666665,18455.999755859375
2025-03-06,23.045000076293945,23.003999710083008,23.049999237060547,23.049999237060547,1600,0.19956411496786305,23.04754981994629,22.947833188374837,1575.0,2703.3333333333335,36879.998779296875
2025-03-07,23.024999618530273,23.0,23.024999618530273,23.0,700,0.1086939936098845,23.04504985809326,22.948666508992513,1540.0,2691.6666666666665,16100.0
2025-03-10,23.020000457763672,23.0,23.020000457763672,23.0,2100,0.08695851201596468,23.042549896240235,22.94949982961019,1465.0,2681.6666666666665,48300.0
2025-03-11,22.923999786376953,22.920000076293945,22.989999771118164,22.920000076293945,600,0.30540878966496654,23.036049938201906,22.945499833424886,1495.0,2653.3333333333335,13752.000045776367
2025-03-12,22.90999984741211,22.90999984741211,22.90999984741211,22.90999984741211,1200,0.0,23.032049942016602,22.944333171844484,1480.0,2655.0,27491.99981689453
2025-03-13,23.06999969482422,22.920000076293945,23.06999969482422,23.06999969482422,2400,0.6501934135869366,23.036049938201906,22.94521649678548,1600.0,2666.6666666666665,55367.999267578125
2025-03-14,23.040000915527344,22.91900062561035,23.040000915527344,22.91900062561035,400,0.5279474960255596,23.02874994277954,22.945533180236815,1610.0,2490.0,9167.60025024414
2025-03-17,22.899999618530273,22.899999618530273,23.09000015258789,22.93000030517578,2900,0.8286111274701122,23.020249938964845,22.944366518656413,1710.0,2505.0,66497.00088500977
2025-03-18,22.950000762939453,22.950000762939453,22.950000762939453,22.950000762939453,600,0.0,23.01525001525879,22.943866539001466,1625.0,2433.3333333333335,13770.000457763672
2025-03-19,22.950000762939453,22.770000457763672,22.961000442504883,22.959999084472656,4100,0.8318814998140833,23.010750007629394,22.943533198038736,1605.0,2501.6666666666665,94135.99624633789
2025-03-20,22.959999084472656,22.959999084472656,22.959999084472656,22.959999084472656,0,0.0,23.00625,22.947233168284097,1495.0,2483.3333333333335,0.0
2025-03-21,22.8799991607666,22.8799991607666,22.8799991607666,22.8799991607666,400,0.0,23.00024995803833,22.949399820963542,1440.0,2438.3333333333335,9151.99966430664
2025-03-24,22.97100067138672,22.947999954223633,22.989999771118164,22.968000411987305,1500,0.1828623133976042,22.998649978637694,22.954199822743735,1380.0,2435.0,34452.00061798096
2025-03-25,22.989999771118164,22.780000686645508,22.989999771118164,22.950000762939453,2900,0.9150286600938631,22.991699981689454,22.95769983927409,1485.0,2403.3333333333335,66555.00221252441
2025-03-26,23.0,22.975000381469727,23.020000457763672,23.020000457763672,1700,0.19548251693786867,22.99119997024536,22.962366517384847,1520.0,2421.6666666666665,39134.00077819824
2025-03-27,22.950000762939453,22.950000762939453,22.950000762939453,22.950000762939453,400,0.0,22.986200046539306,22.963366540273032,1480.0,2376.6666666666665,9180.000305175781
2025-03-28,22.950000762939453,22.950000762939453,22.950000762939453,22.950000762939453,1400,0.0,22.981700038909914,22.96626656850179,1395.0,2291.6666666666665,32130.001068115234
2025-03-31,23.0,22.950000762939453,23.0,22.950000762939453,800,0.21786159214986855,22.97435007095337,22.969766585032144,1355.0,2101.6666666666665,18360.000610351562
2025-04-01,22.920000076293945,22.899999618530273,22.950000762939453,22.899999618530273,1600,0.21834561241092618,22.96535005569458,22.97159989674886,1405.0,2088.3333333333335,36639.99938964844
2025-04-02,22.795000076293945,22.795000076293945,22.950000762939453,22.950000762939453,1200,0.6753842330838128,22.959350109100342,22.973933251698814,1425.0,2076.6666666666665,27540.000915527344
2025-04-03,22.917999267578125,22.790000915527344,22.940000534057617,22.790000915527344,1100,0.6581817134903022,22.946350193023683,22.973766613006593,1400.0,2081.6666666666665,25069.001007080078
2025-04-04,22.899999618530273,22.899999618530273,22.90999984741211,22.90999984741211,500,0.04365006088363442,22.941850185394287,22.97559995651245,1390.0,2071.6666666666665,11454.999923706055
2025-04-07,22.690000534057617,22.450000762939453,22.690000534057617,22.450000762939453,4800,1.0690412604099178,22.91435022354126,22.969766648610435,1525.0,2141.6666666666665,107760.00366210938
2025-04-08,22.450000762939453,22.450000762939453,22.450000762939453,22.450000762939453,400,0.0,22.890850257873534,22.963766670227052,1515.0,2123.3333333333335,8980.000305175781
2025-04-09,22.492000579833984,22.450000762939453,22.56999969482422,22.450000762939453,1000,0.5345163822126026,22.867850303649902,22.957600021362303,1505.0,2133.3333333333335,22450.000762939453
2025-04-10,22.3799991607666,22.3799991607666,22.399999618530273,22.399999618530273,400,0.08928775939409664,22.834350299835204,22.950766690572102,1405.0,2116.6666666666665,8959.99984741211
2025-04-11,22.5,22.5,22.5,22.5,200,0.0,22.813400268554688,22.944433371225994,1395.0,2103.3333333333335,4500.0
2025-04-14,22.5,22.280000686645508,22.5,22.360000610351562,4700,0.9838967233866868,22.784900283813478,22.934266726175945,1485.0,1805.0,105092.00286865234
2025-04-15,22.360000610351562,22.360000610351562,22.360000610351562,22.360000610351562,0,0.0,22.755400276184083,22.926100063323975,1455.0,1753.3333333333333,0.0
2025-04-16,22.360000610351562,22.360000610351562,22.360000610351562,22.360000610351562,0,0.0,22.725400352478026,22.916766738891603,1250.0,1741.6666666666667,0.0
2025-04-17,22.579999923706055,22.579999923706055,22.649999618530273,22.579999923706055,1000,0.31000750691202705,22.706400394439697,22.91143341064453,1300.0,1486.6666666666667,22579.999923706055
2025-04-21,22.579999923706055,22.579999923706055,22.579999923706055,22.579999923706055,100,0.0,22.69140043258667,22.90560007095337,1285.0,1433.3333333333333,2257.9999923706055
2025-04-22,22.610000610351562,22.610000610351562,22.680999755859375,22.680999755859375,500,0.3130335799658509,22.677050399780274,22.90111672083537,1235.0,1433.3333333333333,11340.499877929688
2025-04-23,22.649999618530273,22.6299991607666,22.71500015258789,22.6299991607666,2100,0.37561199723177374,22.66105031967163,22.895283381144207,1195.0,1428.3333333333333,47522.99823760986
2025-04-24,22.73699951171875,22.73699951171875,22.780000686645508,22.780000686645508,400,0.18876722401490847,22.649050331115724,22.89061673482259,1130.0,1430.0,9112.000274658203
2025-04-25,22.639999389648438,22.639999389648438,22.860000610351562,22.700000762939453,1500,0.9691683405680942,22.63655033111572,22.885950088500977,1185.0,1446.6666666666667,34050.00114440918
2025-04-28,22.7549991607666,22.655000686645508,22.7549991607666,22.709999084472656,700,0.4403279531150003,22.62455024719238,22.881283410390218,1150.0,1451.6666666666667,15896.99935913086
2025-04-29,22.719999313354492,22.700000762939453,22.774999618530273,22.774999618530273,1000,0.32930343291773095,22.615800189971925,22.877533404032388,1160.0,1431.6666666666667,22774.999618530273
2025-04-30,22.65999984741211,22.360000610351562,22.65999984741211,22.360000610351562,600,1.341678125543799,22.58880023956299,22.866400082906086,1110.0,1373.3333333333333,13416.000366210938
2025-05-01,22.709999084472656,22.68000030517578,22.790000915527344,22.790000915527344,2300,0.48267049553568286,22.580800247192382,22.862400086720786,1165.0,1398.3333333333333,52417.00210571289
2025-05-02,22.790000915527344,22.790000915527344,22.790000915527344,22.790000915527344,0,0.0,22.580800247192382,22.858233420054116,1110.0,1361.6666666666667,0.0
2025-05-05,22.790000915527344,22.790000915527344,22.790000915527344,22.790000915527344,0,0.0,22.574800300598145,22.853900114695232,1085.0,1338.3333333333333,0.0
2025-05-06,22.790000915527344,22.790000915527344,22.790000915527344,22.790000915527344,0,0.0,22.59180030822754,22.849566809336345,845.0,1278.3333333333333,0.0
2025-05-07,22.920000076293945,22.834999084472656,22.920000076293945,22.834999084472656,1300,0.37223996159074973,22.6110502243042,22.845983473459878,890.0,1300.0,29685.498809814453
2025-05-08,22.834999084472656,22.834999084472656,22.834999084472656,22.834999084472656,0,0.0,22.63030014038086,22.843400128682454,840.0,1275.0,0.0
2025-05-09,22.649999618530273,22.579999923706055,22.72800064086914,22.72800064086914,900,0.6511822993218036,22.646700191497803,22.839033476511638,865.0,1290.0,20455.200576782227
2025-05-12,22.72800064086914,22.72800064086914,22.72800064086914,22.72800064086914,0,0.0,22.65810022354126,22.833416811625163,855.0,1286.6666666666667,0.0
2025-05-13,22.700000762939453,22.59000015258789,22.700000762939453,22.600000381469727,1100,0.4867283561718636,22.670100212097168,22.82508347829183,675.0,1290.0,24860.0004196167
2025-05-14,22.753000259399414,22.75,22.753000259399414,22.75,800,0.013187953404017856,22.68960018157959,22.820083491007487,715.0,1265.0,18200.0
2025-05-15,22.690000534057617,22.690000534057617,22.690000534057617,22.690000534057617,400,0.0,22.706100177764892,22.814083512624105,735.0,1196.6666666666667,9076.000213623047
2025-05-16,22.690000534057617,22.690000534057617,22.690000534057617,22.690000534057617,0,0.0,22.71160020828247,22.808083534240723,685.0,1160.0,0.0
2025-05-19,22.6200008392334,22.6200008392334,22.6200008392334,22.6200008392334,400,0.0,22.71360025405884,22.801750214894614,700.0,1141.6666666666667,9048.00033569336
2025-05-20,22.610000610351562,22.579999923706055,22.85099983215332,22.85099983215332,3300,1.1859433304355702,22.722100257873535,22.799266878763834,840.0,1151.6666666666667,75408.29944610596
2025-05-21,22.85099983215332,22.85099983215332,22.85099983215332,22.85099983215332,0,0.0,22.733150291442872,22.795300197601318,735.0,1138.3333333333333,0.0
2025-05-22,22.809999465942383,22.799999237060547,22.809999465942383,22.799999237060547,1700,0.043860654458184975,22.734150218963624,22.791466840108235,800.0,1150.0,38759.99870300293
2025-05-23,22.850000381469727,22.799999237060547,22.950000762939453,22.950000762939453,2900,0.653601398223631,22.746650218963623,22.789800198872886,870.0,1178.3333333333333,66555.00221252441
2025-05-27,22.950000762939453,22.950000762939453,22.950000762939453,22.950000762939453,500,0.0,22.758650302886963,22.788300196329754,860.0,1135.0,11475.000381469727
2025-05-28,22.950000762939453,22.950000762939453,22.950000762939453,22.950000762939453,2000,0.0,22.767400360107423,22.785850207010906,910.0,1141.6666666666667,45900.001525878906
2025-05-29,23.0,22.850000381469727,23.010000228881836,22.850000381469727,1700,0.700218138910237,22.79190034866333,22.782016881306966,965.0,1160.0,38845.000648498535
2025-05-30,23.040000915527344,22.850000381469727,23.040000915527344,22.850000381469727,400,0.8315121701778992,22.794900321960448,22.77835022608439,870.0,1153.3333333333333,9140.00015258789
2025-06-02,22.860000610351562,22.799999237060547,22.878000259399414,22.799999237060547,4000,0.34210975854805925,22.79540023803711,22.774183559417725,1070.0,1193.3333333333333,91199.99694824219
2025-06-03,22.8799991607666,22.8799991607666,22.8799991607666,22.8799991607666,500,0.0,22.799900150299074,22.7721835454305,1095.0,1190.0,11439.9995803833
2025-06-04,22.84000015258789,22.84000015258789,22.920000076293945,22.920000076293945,1700,0.3490398055835884,22.806400108337403,22.770850213368735,1180.0,1183.3333333333333,38964.00012969971
2025-06-05,22.993999481201172,22.899999618530273,23.0,23.0,2800,0.4347842672596807,22.81465015411377,22.7721835454305,1255.0,1220.0,64400.0
2025-06-06,22.850000381469727,22.809999465942383,23.059999465942383,23.049999237060547,5400,1.0845987343810484,22.825400161743165,22.77451686859131,1525.0,1290.0,124469.99588012695
2025-06-09,23.049999237060547,22.959999084472656,23.100000381469727,23.059999465942383,14500,0.6071175205525918,22.842000102996828,22.774350198109946,2205.0,1491.6666666666667,334369.99225616455
2025-06-10,23.100000381469727,23.100000381469727,23.100000381469727,23.100000381469727,2100,0.0,22.860600090026857,22.777366860707602,2310.0,1520.0,48510.000801086426
2025-06-11,22.96500015258789,22.81999969482422,23.1299991607666,22.96500015258789,2600,1.3498779180606686,22.878850078582765,22.7779501914978,2385.0,1515.0,59709.000396728516
2025-06-12,22.96500015258789,22.96500015258789,22.96500015258789,22.96500015258789,0,0.0,22.88960008621216,22.77820018132528,2345.0,1505.0,0.0
2025-06-13,23.110000610351562,23.0,23.1200008392334,23.0,1000,0.5217427792756454,22.905100059509277,22.778866863250734,2375.0,1453.3333333333333,23000.0
2025-06-16,22.8799991607666,22.8799991607666,23.149999618530273,23.149999618530273,900,1.1663086920638723,22.92810001373291,22.78203353881836,2420.0,1468.3333333333333,20834.999656677246
2025-06-17,23.170000076293945,23.170000076293945,23.190000534057617,23.170000076293945,900,0.08632049071132744,22.955599975585937,22.786866887410483,2445.0,1476.6666666666667,20853.00006866455
2025-06-18,23.011999130249023,23.0,23.239999771118164,23.08300018310547,1200,1.0397252056247903,22.967199993133544,22.78878355026245,2340.0,1471.6666666666667,27699.600219726562
2025-06-20,23.020000457763672,23.020000457763672,23.170000076293945,23.170000076293945,1600,0.6473872163847915,22.983150005340576,22.792450205485025,2420.0,1450.0,37072.00012207031
2025-06-23,23.0,23.0,23.024999618530273,23.020000457763672,700,0.10859955705101701,22.99415006637573,22.792450205485025,2370.0,1433.3333333333333,16114.00032043457
2025-06-24,23.06599998474121,23.06599998474121,23.06599998474121,23.06599998474121,600,0.0,22.99995002746582,22.79438352584839,2255.0,1436.6666666666667,13839.599990844727
2025-06-25,23.100000381469727,23.100000381469727,23.239999771118164,23.219999313354492,1600,0.6029258991748541,23.013449954986573,22.79888350168864,2310.0,1440.0,37151.99890136719
2025-06-26,23.15999984741211,23.15999984741211,23.260000228881836,23.260000228881836,1400,0.42992424972359433,23.02894992828369,22.804050159454345,2280.0,1450.0,32564.00032043457
2025-06-27,23.172000885009766,23.172000885009766,23.172000885009766,23.172000885009766,600,0.0,23.045049953460694,22.80858351389567,2225.0,1433.3333333333333,13903.20053100586
2025-06-30,23.270000457763672,23.18000030517578,23.290000915527344,23.290000915527344,12500,0.47230831269837165,23.067049980163574,22.814250183105468,2830.0,1621.6666666666667,291125.0114440918
2025-07-01,23.18000030517578,23.18000030517578,23.18000030517578,23.18000030517578,800,0.0,23.086050033569336,22.820750172932943,2670.0,1616.6666666666667,18544.000244140625
2025-07-02,23.18000030517578,23.18000030517578,23.18000030517578,23.18000030517578,0,0.0,23.101050090789794,22.82525018056234,2645.0,1608.3333333333333,0.0
2025-07-03,23.360000610351562,23.250999450683594,23.360000610351562,23.34000015258789,800,0.46701439141114537,23.122050094604493,22.840083503723143,2600.0,1541.6666666666667,18672.000122070312
2025-07-07,23.15999984741211,23.15999984741211,23.23900032043457,23.23900032043457,800,0.3399478115803203,23.13400011062622,22.853233496348064,2500.0,1548.3333333333333,18591.200256347656
2025-07-08,23.25,23.219999313354492,23.25,23.219999313354492,1200,0.12920192735860053,23.142500114440917,22.866066805521648,2290.0,1551.6666666666667,27863.99917602539
2025-07-09,23.219999313354492,23.219999313354492,23.219999313354492,23.219999313354492,0,0.0,23.150500106811524,22.87973346710205,1565.0,1545.0,0.0
2025-07-10,23.219999313354492,23.219999313354492,23.219999313354492,23.219999313354492,0,0.0,23.15650005340576,22.89173345565796,1460.0,1541.6666666666667,0.0
2025-07-11,23.219999313354492,23.219999313354492,23.219999313354492,23.219999313354492,0,0.0,23.169250011444092,22.906066767374675,1330.0,1463.3333333333333,0.0
2025-07-14,23.399999618530273,23.25,23.399999618530273,23.25,1200,0.6451596495925739,23.183500003814697,22.920900090535483,1390.0,1483.3333333333333,27900.0
2025-07-15,23.25,23.219999313354492,23.399999618530273,23.26099967956543,4500,0.7738287591049229,23.19654998779297,22.935916741689045,1565.0,1558.3333333333333,104674.49855804443
2025-07-16,23.26099967956543,23.26099967956543,23.26099967956543,23.26099967956543,0,0.0,23.202099990844726,22.947266737620037,1520.0,1541.6666666666667,0.0
2025-07-17,23.399999618530273,23.28700065612793,23.399999618530273,23.399999618530273,1600,0.48290155660028633,23.213599967956544,22.96093339920044,1555.0,1566.6666666666667,37439.99938964844
2025-07-18,23.459999084472656,23.459999084472656,23.459999084472656,23.459999084472656,2500,0.0,23.2324499130249,22.973916721343993,1620.0,1600.0,58649.99771118164
2025-07-21,23.266000747680664,23.15999984741211,23.31999969482422,23.15999984741211,2500,0.6908456324104324,23.231949901580812,22.98275006612142,1665.0,1606.6666666666667,57899.99961853027
2025-07-22,23.266000747680664,23.266000747680664,23.266000747680664,23.266000747680664,500,0.0,23.24424991607666,22.990850067138673,1655.0,1608.3333333333333,11633.000373840332
2025-07-23,23.266000747680664,23.266000747680664,23.266000747680664,23.266000747680664,0,0.0,23.25424995422363,23.000283400217693,1625.0,1583.3333333333333,0.0
2025-07-24,23.200000762939453,23.200000762939453,23.200000762939453,23.200000762939453,1200,0.0,23.25325002670288,23.008450094858805,1605.0,1591.6666666666667,27840.000915527344
2025-07-25,23.200000762939453,23.200000762939453,23.200000762939453,23.200000762939453,1900,0.0,23.25025005340576,23.015533447265625,1630.0,1606.6666666666667,44080.00144958496
2025-07-28,23.170000076293945,23.170000076293945,23.31100082397461,23.31100082397461,900,0.604867842206283,23.257200050354005,23.03138345082601,1645.0,1611.6666666666667,20979.90074157715
