date,open,low,high,close,volume,daily_volatility_percentage,20_days_moving_average_of_close_price,60_days_moving_average_of_close_price,20_days_moving_average_of_volume,60_days_moving_average_of_volume,turnover
2024-01-02,1.6799999475479126,1.659999966621399,1.9500000476837158,1.8899999856948853,3986200,15.34391974906255,,,,,7533917.942976952
2024-01-03,1.8700000047683716,1.7100000381469727,1.8700000047683716,1.7100000381469727,1710400,9.356722985502477,,,,,2924784.065246582
2024-01-04,1.7300000190734863,1.6799999475479126,1.7999999523162842,1.7300000190734863,1719700,6.936416384124574,,,,,2975081.0328006744
2024-01-05,1.7300000190734863,1.690000057220459,1.8200000524520874,1.7699999809265137,1719100,7.344632578107678,,,,,3042806.9672107697
2024-01-08,1.9600000381469727,1.7699999809265137,2.119999885559082,2.0899999141693115,13279400,16.74640760794858,,,,,27753944.860219955
2024-01-09,2.0799999237060547,2.0399999618530273,2.319999933242798,2.259999990463257,6720500,12.38937931731477,,,,,15188329.935908318
2024-01-10,2.25,2.1700000762939453,2.3499999046325684,2.2300000190734863,2869500,8.071741112065498,,,,,6398985.054731369
2024-01-11,2.2100000381469727,2.0799999237060547,2.2300000190734863,2.1500000953674316,2159400,6.976748312273766,,,,,4642710.205936432
2024-01-12,2.1700000762939453,2.119999885559082,2.380000114440918,2.1500000953674316,2260600,12.093033365070728,,,,,4860290.215587616
2024-01-16,2.1500000953674316,2.059999942779541,2.2799999713897705,2.200000047683716,2261800,10.00000108372079,,,,,4975960.107851028
2024-01-17,2.2100000381469727,2.059999942779541,2.2200000286102295,2.200000047683716,2948000,7.272731016490004,,,,,6485600.140571594
2024-01-18,2.2100000381469727,2.0199999809265137,2.2100000381469727,2.0899999141693115,2130600,9.09091220206945,,,,,4452953.817129135
2024-01-19,2.069999933242798,1.9700000286102295,2.0999999046325684,2.0899999141693115,2176100,6.220090017276792,,,,,4548048.813223839
2024-01-22,2.1600000858306885,2.1500000953674316,2.369999885559082,2.3399999141693115,6295400,9.401700780392945,,,,,14731235.459661484
2024-01-23,2.3399999141693115,2.190000057220459,2.440000057220459,2.200000047683716,4080800,11.363636117336185,,,,,8977760.194587708
2024-01-24,2.3299999237060547,2.2799999713897705,2.619999885559082,2.619999885559082,16118600,12.977096527496942,,,,,42230730.15537262
2024-01-25,2.619999885559082,2.5399999618530273,2.759999990463257,2.680000066757202,5449600,8.208956086946271,,,,,14604928.363800049
2024-01-26,2.7200000286102295,2.430000066757202,2.740000009536743,2.490000009536743,5087600,12.44979685109381,,,,,12668124.048519135
2024-01-29,2.509999990463257,2.3399999141693115,2.609999895095825,2.5299999713897705,2809300,10.671936125682969,,,,,7107528.919625282
2024-01-30,2.559999942779541,2.4200000762939453,2.630000114440918,2.490000009536743,2734300,8.433736439464614,2.19549999833107,,4425845.0,,6808407.026076317
2024-01-31,2.450000047683716,2.390000104904175,2.609999895095825,2.4100000858306885,1733500,9.128621674543218,2.22150000333786,,4313210.0,,4177735.1487874985
2024-02-01,2.4200000762939453,2.2899999618530273,2.430000066757202,2.4000000953674316,2392700,5.833337472544612,2.256000006198883,,4347325.0,,5742480.228185654
2024-02-02,2.4000000953674316,2.2899999618530273,2.4000000953674316,2.390000104904175,1641800,4.6025158446097505,2.2890000104904176,,4343430.0,,3923902.172231674
2024-02-05,2.369999885559082,2.1600000858306885,2.369999885559082,2.2300000190734863,1965200,9.417031297409748,2.312000012397766,,4355735.0,,4382396.037483215
2024-02-06,2.2300000190734863,2.2100000381469727,2.380000114440918,2.319999933242798,1562700,7.327589706277552,2.3235000133514405,,3769900.0,,3625463.89567852
2024-02-07,2.3499999046325684,2.240000009536743,2.3499999046325684,2.259999990463257,1384500,4.867252015929315,2.3235000133514405,,3503100.0,,3128969.986796379
2024-02-08,2.259999990463257,2.2100000381469727,2.359999895095825,2.3499999046325684,1195900,6.382972895154462,2.3295000076293944,,3419420.0,,2810364.8859500885
2024-02-09,2.380000114440918,2.3399999141693115,2.5199999809265137,2.430000066757202,2297800,7.407409951120268,2.343500006198883,,3426340.0,,5583654.153394699
2024-02-12,2.440000057220459,2.440000057220459,2.7200000286102295,2.630000114440918,3122100,10.646386281594992,2.3675000071525574,,3469415.0,,8211123.35729599
2024-02-13,2.5799999237060547,2.4200000762939453,2.5999999046325684,2.509999990463257,2422900,7.171307929184552,2.3830000042915342,,3477470.0,,6081478.976893425
2024-02-14,2.5299999713897705,2.5299999713897705,2.7699999809265137,2.7200000286102295,2405000,8.82352966957026,2.40900000333786,,3450320.0,,6541600.068807602
2024-02-15,2.759999990463257,2.7100000381469727,2.890000104904175,2.880000114440918,3764700,6.25000206960564,2.4485000133514405,,3532025.0,,10842336.430835724
2024-02-16,2.890000104904175,2.7799999713897705,2.990000009536743,2.869999885559082,1925600,7.317074791662029,2.487500011920929,,3519500.0,,5526471.779632568
2024-02-20,2.859999895095825,2.799999952316284,2.9600000381469727,2.869999885559082,1960600,5.57491610490152,2.5140000104904177,,3302760.0,,5626921.775627136
2024-02-21,2.8299999237060547,2.640000104904175,2.8299999237060547,2.75,1582700,6.909084320068359,2.541500008106232,,3177855.0,,4352425.0
2024-02-22,2.75,2.5999999046325684,2.7699999809265137,2.619999885559082,1324300,6.4885528137215545,2.541500008106232,,2438140.0,,3469665.8484458923
2024-02-23,2.640000104904175,2.5399999618530273,2.6700000762939453,2.5999999046325684,1404200,5.000004584972843,2.5375,,2235870.0,,3650919.8660850525
2024-02-26,2.5999999046325684,2.5,2.7200000286102295,2.5999999046325684,1816100,8.461539872299337,2.5429999947547914,,2072295.0,,4721859.826803207
2024-02-27,2.6500000953674316,2.5799999237060547,2.759999990463257,2.740000009536743,1960200,6.5693454792226476,2.55349999666214,,2029840.0,,5370948.018693924
2024-02-28,2.759999990463257,2.6600000858306885,2.819999933242798,2.700000047683716,1567500,5.925920169867053,2.5639999985694883,,1971500.0,,4232250.074744225
2024-02-29,2.7899999618530273,2.640000104904175,2.8299999237060547,2.6600000858306885,1635000,7.142850100418138,2.5764999985694885,,1966575.0,,4349100.140333176
2024-03-01,2.690000057220459,2.549999952316284,2.690000057220459,2.609999895095825,2471400,5.363988909242265,2.5869999885559083,,1970510.0,,6450353.740739822
2024-03-04,2.619999885559082,2.490000009536743,2.6600000858306885,2.559999942779541,1655000,6.640628128661843,2.5954999804496763,,1971170.0,,4236799.90530014
2024-03-05,2.5199999809265137,2.4700000286102295,2.5999999046325684,2.559999942779541,1198500,5.078120270627445,2.611999976634979,,1932835.0,,3068159.93142128
2024-03-06,2.5899999141693115,2.390000104904175,2.619999885559082,2.4800000190734863,2009900,9.274184632499875,2.6199999809265138,,1955195.0,,4984552.0383358
2024-03-07,2.5,2.450000047683716,2.619999885559082,2.5899999141693115,1323800,6.563700521584384,2.6364999771118165,,1952160.0,,3428641.8863773346
2024-03-08,2.640000104904175,2.5399999618530273,2.7200000286102295,2.5999999046325684,1852600,6.923079744598673,2.6489999771118162,,1984995.0,,4816759.823322296
2024-03-11,2.7100000381469727,2.380000114440918,2.7799999713897705,2.4100000858306885,2987900,16.59750384660169,2.647999978065491,,2019500.0,,7200839.256453514
2024-03-12,2.4000000953674316,2.299999952316284,2.4800000190734863,2.359999895095825,3377800,7.627121811795395,2.634499967098236,,2032285.0,,7971607.645654678
2024-03-13,2.799999952316284,2.5899999141693115,3.2200000286102295,3.009999990463257,17854800,20.93023642647777,2.659499967098236,,2803880.0,,53742947.82972336
2024-03-14,3.0999999046325684,2.950000047683716,3.2100000381469727,3.049999952316284,4426900,8.524589984527807,2.6759999632835387,,2904975.0,,13502044.788908958
2024-03-15,3.049999952316284,2.990000009536743,3.1500000953674316,3.059999942779541,3928400,5.228761072634299,2.68499995470047,,2913160.0,,12020903.775215149
2024-03-18,3.0199999809265137,2.9200000762939453,3.0799999237060547,2.9600000381469727,2038700,5.405400180747055,2.6894999623298643,,2918815.0,,6034552.077770233
2024-03-19,2.950000047683716,2.880000114440918,3.0999999046325684,2.950000047683716,2007100,7.4576198859518685,2.693499970436096,,2921140.0,,5920945.095705986
2024-03-20,2.9000000953674316,2.819999933242798,3.049999952316284,3.049999952316284,2038200,7.540984349813373,2.7084999680519104,,2943915.0,,6216509.90281105
2024-03-21,2.9600000381469727,2.9600000381469727,3.200000047683716,3.049999952316284,2012700,7.868852894718184,2.7299999713897707,,2978335.0,,6138734.904026985
2024-03-22,3.0399999618530273,2.950000047683716,3.0799999237060547,2.9700000286102295,1263900,4.377100160607423,2.7484999775886534,,2971320.0,,3753783.036160469
2024-03-25,2.9700000286102295,2.940000057220459,3.0799999237060547,2.950000047683716,1310000,4.7457581092420975,2.765999984741211,,2946015.0,,3864500.0624656677
2024-03-26,2.9800000190734863,2.7300000190734863,3.0799999237060547,2.740000009536743,1978400,12.77371910271429,2.765999984741211,,2946925.0,,5420816.018867493
2024-03-27,2.8299999237060547,2.6700000762939453,2.8299999237060547,2.740000009536743,1225800,5.839410469168606,2.7679999828338624,2.5091666599114735,2929840.0,3109061.6666666665,3358692.01169014
2024-03-28,2.740000009536743,2.6700000762939453,2.809999942779541,2.7699999809265137,1106800,5.054146839335657,2.7734999775886537,2.5238333264986674,2903430.0,3061071.6666666665,3065835.9788894653
2024-04-01,2.799999952316284,2.640000104904175,2.819999933242798,2.7100000381469727,1265800,6.642059992799935,2.778499984741211,2.540499993165334,2843150.0,3053661.6666666665,3430318.048286438
2024-04-02,2.6500000953674316,2.5199999809265137,2.6700000762939453,2.549999952316284,1292700,5.88235679107286,2.777999985218048,2.5541666587193808,2825035.0,3046545.0,3296384.9383592606
2024-04-03,2.549999952316284,2.5299999713897705,2.630000114440918,2.569999933242798,952400,3.8910562509224804,2.778499984741211,2.5674999912579852,2812730.0,3033766.6666666665,2447667.9364204407
2024-04-04,2.619999885559082,2.5299999713897705,2.6500000953674316,2.569999933242798,1190900,4.669265645709426,2.7829999804496763,2.5754999915758767,2771780.0,2832291.6666666665,3060612.920498848
2024-04-05,2.559999942779541,2.5,2.75,2.75,995300,9.090909090909092,2.790999984741211,2.5836666584014893,2755355.0,2736871.6666666665,2737075.0
2024-04-08,2.75,2.700000047683716,2.809999942779541,2.75,1028800,3.9999961853027344,2.7984999895095823,2.5923333247502645,2714165.0,2706193.3333333335,2829200.0
2024-04-09,2.759999990463257,2.7100000381469727,2.8299999237060547,2.799999952316284,623100,4.285710271523855,2.817999982833862,2.603166655699412,2595925.0,2680588.3333333335,1744679.9702882767
2024-04-10,2.740000009536743,2.6700000762939453,2.8299999237060547,2.7300000190734863,1589800,5.860800230558624,2.8364999890327454,2.612833321094513,2506525.0,2669408.3333333335,4340154.030323029
2024-04-11,2.7100000381469727,2.680000066757202,2.940000057220459,2.940000057220459,1367700,8.843536918467496,2.8329999923706053,2.625166654586792,1682170.0,2654506.6666666665,4021038.0782604218
2024-04-12,2.930000066757202,2.859999895095825,3.069999933242798,2.9100000858306885,2131400,7.216495943402217,2.8259999990463256,2.636999988555908,1567395.0,2640896.6666666665,6202374.182939529
2024-04-15,2.890000104904175,2.859999895095825,3.0799999237060547,2.950000047683716,2823700,7.45762796793747,2.8205000042915342,2.6513333241144816,1512160.0,2652448.3333333335,8329915.134644508
2024-04-16,2.859999895095825,2.859999895095825,2.9800000190734863,2.930000066757202,1650700,4.095567277937714,2.819000005722046,2.665333326657613,1492760.0,2643691.6666666665,4836551.110196114
2024-04-17,2.950000047683716,2.7699999809265137,3.0199999809265137,2.7699999809265137,1556900,9.025270820268368,2.810000002384186,2.6724999944368997,1470250.0,2564716.6666666665,4312612.970304489
2024-04-18,2.75,2.700000047683716,2.9600000381469727,2.7100000381469727,1818100,9.594095453999996,2.79300000667572,2.680999994277954,1459245.0,2527005.0,4927051.069355011
2024-04-19,2.7100000381469727,2.509999990463257,2.740000009536743,2.640000104904175,2308600,8.712121588413147,2.772500014305115,2.681333331267039,1474040.0,2296838.3333333335,6094704.242181778
2024-04-22,2.5999999046325684,2.5799999237060547,2.7100000381469727,2.5899999141693115,2089300,5.0193096042094965,2.7535000085830688,2.6798333287239076,1515310.0,2240833.3333333335,5411286.820673943
2024-04-23,2.700000047683716,2.700000047683716,3.1500000953674316,2.799999952316284,6563700,16.071430548113252,2.7460000038146974,2.6849999944369,1777995.0,2265435.0,18378359.687018394
2024-04-24,2.819999933242798,2.640000104904175,2.859999895095825,2.6500000953674316,2169300,8.301878576391019,2.7415000081062315,2.6869999965031943,1787540.0,2254768.3333333335,5748645.206880569
2024-04-25,2.6600000858306885,2.4600000381469727,2.6600000858306885,2.549999952316284,2197100,7.843139271514356,2.732000005245209,2.6879999955495197,1836105.0,2245815.0,5602604.895234108
2024-04-26,2.619999885559082,2.450000047683716,2.630000114440918,2.450000047683716,2311900,7.346941357302347,2.7160000085830687,2.688666661580404,1896360.0,2255455.0,5664155.110239983
2024-04-29,2.450000047683716,2.450000047683716,2.549999952316284,2.5,1860000,3.9999961853027344,2.70550000667572,2.6903333266576133,1926070.0,2246576.6666666665,4650000.0
2024-04-30,2.4600000381469727,2.2699999809265137,2.4600000381469727,2.319999933242798,2329000,8.189657874467477,2.694000005722046,2.6891666571299235,1977885.0,2258030.0,5403279.844522476
2024-05-01,2.3299999237060547,2.319999933242798,2.490000009536743,2.3399999141693115,2176200,7.264960791859452,2.6825000047683716,2.690999988714854,2039075.0,2261546.6666666665,5092307.813215256
2024-05-02,2.390000104904175,2.3399999141693115,2.549999952316284,2.549999952316284,1501400,8.235295767602654,2.6815000057220457,2.6948333223660788,2054600.0,2260525.0,3828569.928407669
2024-05-03,2.6700000762939453,2.569999933242798,2.740000009536743,2.609999895095825,1342100,6.513413146620215,2.6745000004768373,2.7006666541099547,2071940.0,2259818.3333333335,3502880.859208107
2024-05-06,2.619999885559082,2.609999895095825,2.859999895095825,2.8399999141693115,3138300,8.802817167447838,2.678999996185303,2.7088333209355673,2177415.0,2292191.6666666665,8912771.73063755
2024-05-07,3.0299999713897705,2.609999895095825,3.0899999141693115,2.869999885559082,7054500,16.724740007436665,2.6824999928474424,2.716166651248932,2498985.0,2371470.0,20246414.192676544
2024-05-08,2.819999933242798,2.75,3.0399999618530273,3.009999990463257,3887300,9.634550258200985,2.696499991416931,2.722499982515971,2613860.0,2384223.3333333335,11700772.962927818
2024-05-09,3.0299999713897705,2.8399999141693115,3.0399999618530273,2.940000057220459,1428900,6.802722577930842,2.696499991416931,2.7296666502952576,2616920.0,2367656.6666666665,4200966.081762314
2024-05-10,2.9800000190734863,2.7300000190734863,3.049999952316284,2.7699999809265137,1992400,11.552344239936197,2.6894999861717226,2.7304999828338623,2609970.0,2360780.0,5518947.961997986
2024-05-13,2.799999952316284,2.75,2.9200000762939453,2.819999933242798,1245000,6.02837164249353,2.6829999804496767,2.7294999798138937,2531035.0,2318785.0,3510899.9168872833
2024-05-14,2.819999933242798,2.799999952316284,2.930000066757202,2.809999942779541,1141600,4.626338686410327,2.6769999742507933,2.728499980767568,2505580.0,2305718.3333333335,3207895.934677124
2024-05-15,2.9000000953674316,2.799999952316284,3.0,3.0,2143400,6.66666825612386,2.6884999752044676,2.7306666493415834,2534905.0,2308765.0,6430200.0
2024-05-16,3.0,2.9100000858306885,3.2300000190734863,3.2200000286102295,4050500,9.937886037252976,2.7139999747276304,2.738499983151754,2646525.0,2349895.0,13042610.115885735
2024-05-17,3.200000047683716,3.180000066757202,3.2899999618530273,3.200000047683716,3155200,3.4374966705218455,2.7419999718666075,2.7481666525204975,2688855.0,2380410.0,10096640.15045166
2024-05-20,3.240000009536743,3.2300000190734863,3.4100000858306885,3.4000000953674316,4495400,5.294119462009894,2.782499980926514,2.761499989032745,2809160.0,2431930.0,15284360.428714752
2024-05-21,3.4000000953674316,3.299999952316284,3.440000057220459,3.440000057220459,2575800,4.069770423704462,2.8144999861717226,2.775499991575877,2609765.0,2444591.6666666665,8860752.147388458
2024-05-22,3.440000057220459,3.369999885559082,3.5299999713897705,3.4700000286102295,3637300,4.610953444134989,2.8554999828338623,2.787666658560435,2683165.0,2472543.3333333335,12621431.104063988
2024-05-23,3.509999990463257,3.380000114440918,3.5899999141693115,3.4700000286102295,1918400,6.0518673774334415,2.9014999866485596,2.800499991575877,2669230.0,2478391.6666666665,6656848.054885864
2024-05-24,3.509999990463257,3.4200000762939453,3.5899999141693115,3.440000057220459,1108100,4.941855669988771,2.950999987125397,2.81349999109904,2609040.0,2469610.0,3811864.0634059906
2024-05-28,3.5,3.380000114440918,3.5,3.4100000858306885,1928900,3.519058138963349,2.9964999914169312,2.8268333276112876,2612485.0,2460568.3333333335,6577549.165558815
2024-05-29,3.3499999046325684,3.25,3.390000104904175,3.2699999809265137,2790300,4.281348798800528,3.043999993801117,2.8386666615804037,2635550.0,2479490.0,9124280.946779251
2024-05-30,3.2799999713897705,3.2699999809265137,3.5199999809265137,3.450000047683716,2535400,7.246376711439371,3.099500000476837,2.8534999966621397,2653510.0,2501771.6666666665,8747130.120897293
2024-05-31,3.5,3.4600000381469727,3.7300000190734863,3.700000047683716,2664400,7.297296687753824,3.1570000052452087,2.8738333304723103,2711660.0,2512680.0,9858280.127048492
2024-06-03,3.7200000286102295,3.6600000858306885,3.9000000953674316,3.859999895095825,2839300,6.217616996354481,3.2195000052452087,2.8949999968210856,2786520.0,2537938.3333333335,10959697.702145576
2024-06-04,3.880000114440918,3.5899999141693115,3.890000104904175,3.5999999046325684,2127800,8.33333885228207,3.2575000047683718,2.911666663487752,2735995.0,2542525.0,7660079.797077179
2024-06-05,3.609999895095825,3.569999933242798,3.8399999141693115,3.819999933242798,1481100,7.068062451438598,3.3050000071525574,2.935166660944621,2457325.0,2517411.6666666665,5657801.901125908
2024-06-06,3.809999942779541,3.609999895095825,3.859999895095825,3.630000114440918,1351100,6.887052124473674,3.3360000133514403,2.956333331267039,2330515.0,2483633.3333333335,4904493.154621124
2024-06-07,3.700000047683716,3.5299999713897705,3.740000009536743,3.5999999046325684,933000,5.833334547502055,3.3690000057220457,2.9661666631698607,2305720.0,2201603.3333333335,3358799.9110221863
2024-06-10,3.5999999046325684,3.559999942779541,3.7200000286102295,3.690000057220459,1113800,4.336045619229899,3.415000009536743,2.9768333315849302,2261790.0,2146385.0,4109922.063732147
2024-06-11,3.6700000762939453,3.450000047683716,3.7200000286102295,3.640000104904175,1645100,7.41758167981211,3.456000018119812,2.9865000009536744,2281795.0,2108330.0,5988164.172577858
2024-06-12,3.7799999713897705,3.5999999046325684,3.930000066757202,3.6600000858306885,1300900,9.016397660814143,3.4985000252723695,2.9981666684150694,2289760.0,2096033.3333333333,4761294.111657143
2024-06-13,3.680000066757202,3.5799999237060547,3.75,3.640000104904175,1091400,4.670331631719024,3.530500030517578,3.0096666693687437,2237160.0,2080771.6666666667,3972696.1144924164
2024-06-14,3.5799999237060547,3.559999942779541,3.7100000381469727,3.5999999046325684,1314500,4.166669426141035,3.549500024318695,3.0188333352406818,2100360.0,2068710.0,4732199.874639511
2024-06-17,3.5999999046325684,3.2100000381469727,3.609999895095825,3.2300000190734863,2864800,12.383896426836277,3.5510000228881835,3.021833336353302,2085840.0,2082911.6666666667,9253304.054641724
2024-06-18,3.2200000286102295,3.2200000286102295,3.5199999809265137,3.4200000762939453,1594600,8.77192823461503,3.5520000219345094,3.0293333371480307,1940800.0,2088423.3333333333,5453532.121658325
2024-06-20,3.390000104904175,3.2699999809265137,3.4800000190734863,3.2899999618530273,1354400,6.382979956896239,3.5445000171661376,3.035000002384186,1879730.0,2089163.3333333333,4455975.94833374
2024-06-21,3.309999942779541,3.180000066757202,3.430000066757202,3.2300000190734863,5573700,7.739938034790216,3.5325000166893004,3.043166669209798,1976550.0,2149085.0,18003051.10630989
2024-06-24,3.2300000190734863,3.130000114440918,3.309999942779541,3.180000066757202,1418600,5.66037184150683,3.5180000185966493,3.050500003496806,1951560.0,2152298.3333333335,4511148.094701767
2024-06-25,3.200000047683716,3.0299999713897705,3.25,3.049999952316284,1296100,7.213115804908561,3.4985000133514403,3.0551666696866353,1960960.0,2155453.3333333335,3953104.938197136
2024-06-26,3.069999933242798,3.009999990463257,3.3399999141693115,3.3299999237060547,1610200,9.909907845847279,3.4945000052452087,3.06550000111262,1945025.0,2161193.3333333335,5361965.877151489
2024-06-27,3.319999933242798,3.259999990463257,3.4800000190734863,3.4100000858306885,1159300,6.4516135798464855,3.5015000104904175,3.0798333366711934,1863475.0,2158970.0,3953213.099503517
2024-06-28,3.4600000381469727,3.3499999046325684,3.549999952316284,3.5,8612000,5.714287076677595,3.5040000081062317,3.0953333377838135,2167305.0,2286630.0,30142000.0
2024-07-01,3.5199999809265137,3.440000057220459,3.619999885559082,3.4700000286102295,1197700,5.18731489494295,3.4925000071525574,3.1103333393732706,2093970.0,2286743.3333333335,4156019.034266472
2024-07-02,3.450000047683716,2.7100000381469727,3.4700000286102295,2.740000009536743,7518600,27.737225832774776,3.4365000128746033,3.11016667286555,2327935.0,2395465.0,20600964.071702957
2024-07-03,2.75,2.700000047683716,2.890000104904175,2.7699999809265137,1865800,6.859207889124515,3.3950000166893006,3.1105000058809917,2314835.0,2409415.0,5168265.964412689
2024-07-05,2.7699999809265137,2.700000047683716,2.869999885559082,2.869999885559082,1604400,5.923339534985726,3.3475000143051146,3.1116666714350383,2321000.0,2425770.0,4604627.816390991
2024-07-08,2.869999885559082,2.859999895095825,3.119999885559082,2.9700000286102295,2345500,8.754208348776354,3.3145000100135804,3.115666671593984,2370720.0,2438365.0,6966135.067105293
2024-07-09,2.9700000286102295,2.890000104904175,3.0199999809265137,2.940000057220459,1665100,4.421764404496088,3.281500017642975,3.115666671593984,2407325.0,2443321.6666666665,4895394.095277786
2024-07-10,2.940000057220459,2.9200000762939453,3.049999952316284,3.0399999618530273,1687800,4.276311764921788,3.2490000128746033,3.1178333361943564,2436025.0,2435928.3333333335,5130911.93561554
2024-07-11,3.049999952316284,3.049999952316284,3.440000057220459,3.309999942779541,3644400,11.782480714385631,3.2325000047683714,3.1238333344459535,2535990.0,2449606.6666666665,12062963.79146576
2024-07-12,3.309999942779541,3.1700000762939453,3.380000114440918,3.240000009536743,1562200,6.481482639779331,3.2115000009536745,3.1290000001589457,2549055.0,2448131.6666666665,5061528.0148983
2024-07-15,3.2899999618530273,3.200000047683716,3.380000114440918,3.309999942779541,1637900,5.438068576099394,3.1949999928474426,3.1379999995231627,2576380.0,2449481.6666666665,5421448.90627861
2024-07-16,3.359999895095825,3.3399999141693115,3.700000047683716,3.6700000762939453,2678600,9.809267739251414,3.1985000014305114,3.1540000001589457,2644585.0,2463823.3333333335,9830462.204360962
2024-07-17,3.609999895095825,3.4000000953674316,3.7300000190734863,3.5,1395300,9.42856924874442,3.212000000476837,3.168333331743876,2571110.0,2448601.6666666665,4883550.0
2024-07-18,3.490000009536743,3.3299999237060547,3.5299999713897705,3.3299999237060547,1064500,6.006007575553633,3.207499992847443,3.180666665236155,2544605.0,2431521.6666666665,3544784.918785095
2024-07-19,3.2699999809265137,3.2300000190734863,3.4000000953674316,3.25,1674000,5.23077157827524,3.205499994754791,3.1881666660308836,2560585.0,2350026.6666666665,5440500.0
2024-07-22,3.259999990463257,3.180000066757202,3.319999933242798,3.200000047683716,4846400,4.374995762482349,3.2039999961853027,3.1973333319028217,2524220.0,2394645.0,15508480.23109436
2024-07-23,3.1600000858306885,3.130000114440918,3.309999942779541,3.1700000762939453,2074400,5.678227886639715,3.20349999666214,3.2076666673024494,2557010.0,2392600.0,6575848.15826416
2024-07-24,3.119999885559082,3.0999999046325684,3.2200000286102295,3.1500000953674316,1565000,3.8095276299876977,3.2085000038146974,3.219333334763845,2570455.0,2380151.6666666665,4929750.1492500305
2024-07-25,3.1600000858306885,3.059999942779541,3.2100000381469727,3.0999999046325684,2117600,4.83871290264477,3.197000002861023,3.2293333331743876,2595825.0,2384445.0,6564559.798049927
2024-07-26,3.1500000953674316,3.0299999713897705,3.1600000858306885,3.049999952316284,1696100,4.262298900765261,3.178999996185303,3.2415000001589456,2622665.0,2373896.6666666665,5173104.91912365
2024-07-29,3.0999999046325684,2.890000104904175,3.119999885559082,2.930000066757202,1511400,7.8498216865046375,3.150499999523163,3.2513333360354104,2267635.0,2362816.6666666665,4428402.100896835
2024-07-30,2.950000047683716,2.809999942779541,2.9700000286102295,2.809999942779541,1531300,5.693953348355684,3.1174999952316282,3.255666669209798,2284315.0,2363315.0,4302952.912378311
2024-07-31,2.8499999046325684,2.7899999618530273,3.009999990463257,2.9700000286102295,3539400,7.4074082993586865,3.1289999961853026,3.261666671435038,2085355.0,2399936.6666666665,10512018.101263046
2024-08-01,2.9700000286102295,2.5899999141693115,2.9700000286102295,2.809999942779541,2301100,13.523136020602081,3.1309999942779543,3.2611666719118753,2107120.0,2385983.3333333335,6466090.868330002
2024-08-02,2.759999990463257,2.6600000858306885,2.809999942779541,2.7200000286102295,1769500,5.514700565113384,3.1235000014305117,3.258666674296061,2115375.0,2297900.0,4813040.050625801
2024-08-05,2.4700000286102295,2.380000114440918,2.680000066757202,2.630000114440918,2479800,11.406841797041434,3.106500005722046,3.252333343029022,2122090.0,2274441.6666666665,6521874.283790588
2024-08-06,2.75,2.5999999046325684,2.880000114440918,2.6700000762939453,1855900,10.4868989441004,3.0930000066757204,3.2478333433469135,2131630.0,2281558.3333333335,4955253.141593933
2024-08-07,2.5,1.8799999952316284,2.5999999046325684,2.0,9051500,35.999995470047,3.041000008583069,3.2350000103314716,2499815.0,2399210.0,18103000.0
2024-08-08,2.0299999713897705,1.9700000286102295,2.2200000286102295,2.130000114440918,1771900,11.737088571266108,2.9820000171661376,3.2235000133514404,2406190.0,2407991.6666666665,3774147.2027778625
2024-08-09,2.1600000858306885,1.9500000476837158,2.1600000858306885,1.9800000190734863,2584500,10.606062430506404,2.9190000176429747,3.209666681289673,2457305.0,2432040.0,5117310.049295425
2024-08-12,1.9900000095367432,1.940000057220459,2.140000104904175,2.049999952316284,2468500,9.756100113940823,2.856000018119812,3.1938333471616107,2498835.0,2437458.3333333335,5060424.8822927475
2024-08-13,2.049999952316284,2.0,2.0899999141693115,2.0399999618530273,1948100,4.411760580993364,2.774500012397766,3.174166679382324,2462310.0,2402418.3333333335,3974123.9256858826
2024-08-14,2.049999952316284,1.8300000429153442,2.069999933242798,1.8600000143051147,10423700,12.903219810840497,2.6925000131130217,3.151833345492681,2913730.0,2523560.0,19388082.149112225
2024-08-15,1.9299999475479126,1.909999966621399,2.009999990463257,1.9500000476837158,3389700,5.1282062254635195,2.623500019311905,3.1276666780312854,3029990.0,2505131.6666666665,6609915.1616334915
2024-08-16,1.9500000476837158,1.8700000047683716,1.9900000095367432,1.9299999475479126,1319200,6.217616996354481,2.5575000166893007,3.102500009536743,3012250.0,2484188.3333333335,2546055.9308052063
2024-08-19,1.9500000476837158,1.8700000047683716,1.9900000095367432,1.9800000190734863,2652800,6.06060624305064,2.496500015258789,3.077666676044464,2902570.0,2467780.0,5252544.0505981445
2024-08-20,1.9900000095367432,1.8600000143051147,1.9900000095367432,1.8899999856948853,1510100,6.878306678072914,2.432500010728836,3.0513333419958752,2874355.0,2460975.0,2854088.978397846
2024-08-21,1.909999966621399,1.909999966621399,2.0,1.9800000190734863,1588000,4.5454561874557635,2.3740000069141387,3.027000008026759,2875505.0,2468973.3333333335,3144240.0302886963
2024-08-22,1.9600000381469727,1.8600000143051147,1.9900000095367432,1.8700000047683716,1245200,6.951871385034083,2.312500011920929,3.0013333400090536,2831885.0,2457578.3333333335,2328524.0059375763
2024-08-23,1.899999976158142,1.8700000047683716,1.9700000286102295,1.9500000476837158,1026600,5.1282062254635195,2.2575000166893004,2.9793333411216736,2798410.0,2428183.3333333335,2001870.0489521027
2024-08-26,1.9500000476837158,1.940000057220459,2.0,1.9800000190734863,1514100,3.0303001111897543,2.210000014305115,2.9548333406448366,2798545.0,2411161.6666666665,2997918.0288791656
2024-08-27,1.9800000190734863,1.8600000143051147,1.9800000190734863,1.9299999475479126,1260400,6.217616996354481,2.1660000145435334,2.925333338975906,2785000.0,2387761.6666666665,2432571.933889389
2024-08-28,1.9299999475479126,1.8899999856948853,1.9900000095367432,1.9299999475479126,921000,5.181348526403283,2.1140000104904173,2.8931666731834413,2654080.0,2355790.0,1777529.9516916275
2024-08-29,1.9500000476837158,1.909999966621399,2.009999990463257,1.9299999475479126,1138600,5.181348526403283,2.070000010728836,2.8653333405653636,2595955.0,2339303.3333333335,2197497.9402780533
2024-08-30,1.9600000381469727,1.8600000143051147,1.9700000286102295,1.9299999475479126,1423600,5.699482761378882,2.0305000066757204,2.8338333408037824,2578660.0,2338345.0,2747547.9253292084
2024-09-03,1.8799999952316284,1.7100000381469727,1.909999966621399,1.7300000190734863,2447200,11.56068937973409,1.9855000019073485,2.802166672547658,2577030.0,2356613.3333333335,4233656.046676636
2024-09-04,1.7400000095367432,1.7100000381469727,1.7999999523162842,1.7699999809265137,1667800,5.084740968313497,1.9404999971389771,2.771666673819224,2567625.0,2368860.0,2952005.9681892395
2024-09-05,1.75,1.7300000190734863,1.8200000524520874,1.7999999523162842,1900500,5.000001986821545,1.9304999947547912,2.740166672070821,2210075.0,2381971.6666666665,3420899.909377098
2024-09-06,1.8300000429153442,1.7300000190734863,1.840000033378601,1.7999999523162842,2038600,6.111112067728892,1.9139999866485595,2.7095000028610228,2223410.0,2388530.0,3669479.902791977
2024-09-09,1.7999999523162842,1.7699999809265137,1.899999976158142,1.809999942779541,1914400,7.182320405601388,1.9054999828338623,2.6786666671435038,2189905.0,2398755.0,3465063.8904571533
2024-09-10,1.7899999618530273,1.7699999809265137,1.850000023841858,1.8200000524520874,1354200,4.395606626909715,1.8939999878406524,2.648333332935969,2134190.0,2403135.0,2464644.0710306168
2024-09-11,1.809999942779541,1.7699999809265137,1.8200000524520874,1.809999942779541,971000,2.7624349782459507,1.882499986886978,2.6185000002384187,2085335.0,2397410.0,1757509.9444389343
2024-09-12,1.8300000429153442,1.7699999809265137,1.850000023841858,1.840000033378601,1236400,4.347828340440215,1.8814999878406524,2.5953333338101703,1625970.0,2370270.0,2274976.0412693024
2024-09-13,1.850000023841858,1.809999942779541,1.8799999952316284,1.8700000047683716,1749100,3.743318303400646,1.8774999856948853,2.5694999992847443,1543940.0,2372845.0,3270817.0083403587
2024-09-16,1.8899999856948853,1.8200000524520874,1.9299999475479126,1.8300000429153442,2037000,6.0109230883178615,1.8724999904632569,2.5451666673024493,1579830.0,2384221.6666666665,3727710.087418556
2024-09-17,1.850000023841858,1.840000033378601,1.9700000286102295,1.899999976158142,2374000,6.842105098048074,1.8684999883174895,2.5229999999205273,1565890.0,2330893.3333333335,4510599.943399429
2024-09-18,1.9800000190734863,1.840000033378601,1.9800000190734863,1.9500000476837158,1804200,7.1794862703302265,1.8714999914169312,2.5024999996026356,1580595.0,2337320.0,3518190.08603096
2024-09-19,1.9900000095367432,1.9500000476837158,2.109999895095825,2.0199999809265137,2637500,7.9207846001425315,1.8734999895095825,2.485333333412806,1633070.0,2359676.6666666665,5327749.94969368
2024-09-20,2.0199999809265137,1.9299999475479126,2.059999942779541,2.059999942779541,6724300,6.31067955546739,1.882999986410141,2.4641666670640308,1907025.0,2444911.6666666665,13852057.615232468
2024-09-23,2.0899999141693115,1.940000057220459,2.0899999141693115,1.9800000190734863,1965800,7.575750277974386,1.8844999849796296,2.4403333326180774,1953985.0,2458353.3333333335,3892284.0374946594
2024-09-24,1.9700000286102295,1.909999966621399,1.9900000095367432,1.9600000381469727,1639400,4.081634763179803,1.883499985933304,2.414666666587194,1960250.0,2342143.3333333335,3213224.062538147
2024-09-25,2.0,1.8700000047683716,2.009999990463257,1.8899999856948853,3604900,7.407406706588533,1.8814999878406524,2.388333332538605,2077475.0,2382263.3333333335,6813260.948431492
2024-09-26,1.9299999475479126,1.9199999570846558,2.0899999141693115,2.049999952316284,2137800,8.292681026288498,1.887499988079071,2.3768333315849306,2138315.0,2292583.3333333335,4382489.898061752
2024-09-27,2.069999933242798,1.9900000095367432,2.140000104904175,1.9900000095367432,1686900,7.537693198421167,1.8904999911785125,2.3638333320617675,2165730.0,2289601.6666666665,3356931.016087532
2024-09-30,1.9800000190734863,1.9800000190734863,2.0899999141693115,1.9900000095367432,1023700,5.527632892897942,1.893499994277954,2.3491666674613954,2145735.0,2279923.3333333335,2037163.009762764
2024-10-01,1.9900000095367432,1.940000057220459,2.0199999809265137,2.0,1525000,3.9999961853027344,1.9069999933242798,2.3330000003178912,2099625.0,2266248.3333333335,3050000.0
2024-10-02,2.009999990463257,1.9800000190734863,2.1500000953674316,2.0899999141693115,2341900,8.13397527633456,1.9229999899864196,2.318833331267039,2133330.0,2277528.3333333335,4894570.798993111
2024-10-03,2.0999999046325684,2.0299999713897705,2.130000114440918,2.069999933242798,1536400,4.830924940876222,1.9364999890327455,2.302666664123535,2115125.0,2275005.0,3180347.8974342346
2024-10-04,2.0799999237060547,2.049999952316284,2.1500000953674316,2.119999885559082,1333800,4.716988134401508,1.9524999856948853,2.2828333298365275,2079885.0,2236495.0,2827655.8473587036
2024-10-07,2.109999895095825,1.940000057220459,2.130000114440918,1.9600000381469727,1472800,9.693880281762098,1.9599999904632568,2.261499996980031,2057805.0,2235005.0,2886688.0561828613
2024-10-08,1.9600000381469727,1.909999966621399,1.9900000095367432,1.9199999570846558,809000,4.166668994973155,1.9649999856948852,2.238333330551783,2030545.0,2221190.0,1553279.9652814865
2024-10-09,1.899999976158142,1.850000023841858,1.9199999570846558,1.8600000143051147,886000,3.7634372421738624,1.967499989271164,2.2081666628519696,2026295.0,2191313.3333333335,1647960.0126743317
2024-10-10,1.850000023841858,1.8200000524520874,1.9199999570846558,1.8200000524520874,1521400,5.494500096186174,1.9664999902248383,2.1801666637261707,2040545.0,2193415.0,2768948.079800606
2024-10-11,1.809999942779541,1.4299999475479126,1.840000033378601,1.840000033378601,2472900,22.28261295614478,1.9649999916553498,2.1553333322207133,2076735.0,2216888.3333333335,4550136.082541943
2024-10-14,1.8200000524520874,1.7300000190734863,1.8300000429153442,1.7899999618530273,1009100,5.586593629775098,1.962999987602234,2.130999998251597,2025340.0,2205806.6666666665,1806288.96150589
2024-10-15,1.7899999618530273,1.7300000190734863,1.8300000429153442,1.7999999523162842,828300,5.555557027275219,1.957999986410141,2.1076666633288066,1948055.0,2138838.3333333335,1490939.9605035782
2024-10-16,1.7999999523162842,1.7699999809265137,1.9299999475479126,1.8700000047683716,1651000,8.556147925850802,1.9539999842643738,2.085999995470047,1940395.0,2131781.6666666665,3087370.0078725815
2024-10-17,1.8700000047683716,1.809999942779541,1.8799999952316284,1.8200000524520874,582400,3.8461566172910975,1.9439999878406524,2.0638333280881245,1837640.0,2115405.0,1059968.0305480957
2024-10-18,1.8200000524520874,1.7599999904632568,1.850000023841858,1.7599999904632568,862800,5.11363828785657,1.9289999902248383,2.0414999961853026,1544565.0,2094491.6666666667,1518527.991771698
2024-10-21,1.75,1.7200000286102295,1.809999942779541,1.809999942779541,1778700,4.972371105774867,1.920499986410141,2.0208333293596903,1535210.0,2095868.3333333333,3219446.8982219696
2024-10-22,1.7899999618530273,1.7000000476837158,1.809999942779541,1.7799999713897705,1732800,6.17976948673435,1.911499983072281,2.0016666611035663,1539880.0,2099558.3333333335,3084383.9504241943
2024-10-23,1.7799999713897705,1.7300000190734863,1.8300000429153442,1.7999999523162842,1401400,5.555557027275219,1.906999981403351,1.9848333279291788,1429705.0,2097393.3333333335,2522519.9331760406
2024-10-24,1.7899999618530273,1.7300000190734863,1.8200000524520874,1.7799999713897705,1010600,5.056181731752038,1.893499982357025,1.9649999936421711,1373345.0,2055246.6666666667,1798867.971086502
2024-10-25,1.7799999713897705,1.7699999809265137,1.8899999856948853,1.850000023841858,1706500,6.486486660641765,1.8864999830722808,1.9489999949932098,1374325.0,2045336.6666666667,3157025.0406861305
2024-10-28,1.850000023841858,1.850000023841858,2.0,1.909999966621399,1766400,7.853402030340201,1.8824999809265137,1.9354999939600626,1411460.0,2045285.0,3373823.941040039
2024-10-29,1.8799999952316284,1.7599999904632568,1.8899999856948853,1.7699999809265137,2318200,7.344632578107678,1.8709999799728394,1.9211666584014893,1451120.0,2042591.6666666667,4103213.955783844
2024-10-30,1.7400000095367432,1.7300000190734863,1.850000023841858,1.7999999523162842,1473000,6.6666671081825655,1.856499981880188,1.9066666563351948,1407675.0,2036210.0,2651399.9297618866
2024-10-31,1.7999999523162842,1.7000000476837158,1.809999942779541,1.7400000095367432,1199500,6.321833016834955,1.8399999856948852,1.9023333231608073,1390830.0,1905343.3333333333,2087130.0114393234
2024-11-01,1.75,1.75,1.809999942779541,1.7799999713897705,910800,3.3707833564005543,1.8229999899864198,1.8964999874432882,1369680.0,1890991.6666666667,1621223.973941803
2024-11-04,1.7999999523162842,1.75,1.850000023841858,1.7799999713897705,1005400,5.617978957818797,1.8139999866485597,1.8931666533152263,1346310.0,1864673.3333333333,1789611.9712352753
2024-11-05,1.7699999809265137,1.7000000476837158,1.7699999809265137,1.7699999809265137,958200,3.954798530910498,1.8064999878406525,1.8884999871253967,1353770.0,1839501.6666666667,1696013.9817237854
2024-11-06,1.7999999523162842,1.7699999809265137,1.850000023841858,1.7999999523162842,1137700,4.444446946367871,1.803499984741211,1.884499986966451,1366355.0,1825995.0,2047859.9457502365
2024-11-07,1.7999999523162842,1.7599999904632568,1.850000023841858,1.7699999809265137,1207500,5.08474770330168,1.8009999811649322,1.882999986410141,1350660.0,1672391.6666666667,2137274.9769687653
2024-11-08,1.7699999809265137,1.7200000286102295,1.7899999618530273,1.75,1101100,3.9999961853027344,1.7964999794960022,1.879666652282079,1282070.0,1634248.3333333333,1926925.0
2024-11-11,1.7400000095367432,1.7400000095367432,1.899999976158142,1.840000033378601,2567800,8.69565020211481,1.798999983072281,1.8781666537125905,1360005.0,1655058.3333333333,4724752.085709572
2024-11-12,1.0399999618530273,1.0399999618530273,1.5299999713897705,1.2799999713897705,10605600,38.28125160071071,1.7729999840259552,1.8664999862511953,1848870.0,1787605.0,13575167.69657135
2024-11-13,1.309999942779541,1.1799999475479126,1.3600000143051147,1.2100000381469727,2845800,14.876038105987105,1.7399999856948853,1.8551666537920635,1908610.0,1809866.6666666667,3443418.108558655
2024-11-14,1.2200000286102295,1.2100000381469727,1.340000033378601,1.2400000095367432,2551800,10.48387050256521,1.710999983549118,1.8428333202997844,2007080.0,1825930.0,3164232.024335861
2024-11-15,1.25,1.149999976158142,1.25,1.190000057220459,1499200,8.403362943984458,1.682499986886978,1.8314999878406524,2038900.0,1830163.3333333333,1784048.085784912
2024-11-18,1.190000057220459,1.1299999952316284,1.2200000286102295,1.1699999570846558,1393100,7.692310827331858,1.650499987602234,1.8184999863306681,2019620.0,1836271.6666666667,1629926.940214634
2024-11-19,1.1399999856948853,1.1100000143051147,1.2100000381469727,1.190000057220459,2136400,8.403362943984458,1.6209999918937683,1.8053333202997843,2039800.0,1846643.3333333333,2542316.1222457886
2024-11-20,1.2000000476837158,1.100000023841858,1.2000000476837158,1.1200000047683716,1728900,8.928573519295567,1.5869999945163726,1.7918333212534587,2056175.0,1854451.6666666667,1936368.0082440376
2024-11-21,1.100000023841858,1.0499999523162842,1.1200000047683716,1.059999942779541,1576700,6.603778889698113,1.5509999930858611,1.777333321173986,2084480.0,1865380.0,1671301.9097805023
2024-11-22,1.0800000429153442,1.059999942779541,1.100000023841858,1.0700000524520874,1338900,3.738325149671712,1.5119999945163727,1.7629999895890553,2066100.0,1868718.3333333333,1432623.0702280998
2024-11-25,1.090000033378601,1.090000033378601,1.1699999570846558,1.1399999856948853,1680200,7.017537255256268,1.473499995470047,1.7498333235581716,2061790.0,1872995.0,1915427.9759645462
2024-11-26,1.149999976158142,1.0700000524520874,1.159999966621399,1.100000023841858,1588300,8.181810201692361,1.4399999976158142,1.7393333236376445,2025295.0,1858680.0,1747130.037868023
2024-11-27,1.100000023841858,1.090000033378601,1.1799999475479126,1.159999966621399,991400,7.758613513709325,1.40799999833107,1.7291666567325592,2001215.0,1847406.6666666667,1150023.966908455
2024-11-29,1.1799999475479126,1.1699999570846558,1.2200000286102295,1.190000057220459,783300,4.201686480785667,1.3805000007152557,1.7189999918142955,1980405.0,1828786.6666666667,932127.0448207855
2024-12-02,1.2000000476837158,1.2000000476837158,1.25,1.2200000286102295,1246400,4.0983566511258145,1.3525000035762786,1.7093333264191946,1997185.0,1815583.3333333333,1520608.03565979
2024-12-03,1.25,1.1299999952316284,1.25,1.1799999475479126,12147400,10.169492381566323,1.3225000023841857,1.6988333264986675,2554285.0,1986133.3333333333,14333931.362843513
2024-12-04,1.9800000190734863,1.4700000286102295,1.9900000095367432,1.6399999856948853,61666400,31.707316186724487,1.3160000026226044,1.6958333253860474,5589695.0,2991336.6666666665,101132895.11785507
2024-12-05,1.5199999809265137,1.5,1.809999942779541,1.7200000286102295,10851300,18.023252187386465,1.3120000064373016,1.6943333268165588,6075375.0,3156008.3333333335,18664236.310458183
2024-12-06,1.7100000381469727,1.590000033378601,1.7100000381469727,1.6200000047683716,4475600,7.4074076799480775,1.3045000076293944,1.690666659673055,6238780.0,3209995.0,7250472.021341324
2024-12-09,1.6200000047683716,1.5499999523162842,1.7899999618530273,1.75,3811700,13.714286259242467,1.3045000076293944,1.6886666595935822,6374310.0,3244371.6666666665,6670475.0
2024-12-10,1.7699999809265137,1.7100000381469727,1.8799999952316284,1.7599999904632568,4297900,9.659088523057854,1.3005000054836273,1.687499992052714,6460815.0,3282053.3333333335,7564303.959012032
2024-12-11,1.75,1.6299999952316284,1.7699999809265137,1.690000057220459,2515900,8.284022541699972,1.3210000097751617,1.6839999934037526,6056330.0,3284418.3333333335,4251871.143960953
2024-12-12,1.659999966621399,1.600000023841858,1.7000000476837158,1.600000023841858,1759200,6.2500013969838415,1.340500009059906,1.6781666596730551,6002000.0,3283668.3333333335,2814720.0419425964
2024-12-13,1.6299999952316284,1.5299999713897705,1.6299999952316284,1.600000023841858,2341600,6.2500013969838415,1.3585000097751618,1.6711666603883109,5991490.0,3278736.6666666665,3746560.0558280945
2024-12-16,1.6100000143051147,1.600000023841858,1.7000000476837158,1.6799999475479126,1995200,5.952382557381357,1.3830000042915345,1.6648333271344502,6016290.0,3199918.3333333335,3351935.895347595
2024-12-17,1.6799999475479126,1.600000023841858,1.7000000476837158,1.649999976158142,2233900,6.060607593140567,1.4070000052452087,1.6593333264191945,6058330.0,3204386.6666666665,3685934.9467396736
2024-12-18,1.659999966621399,1.5199999809265137,1.6699999570846558,1.5700000524520874,3116300,9.554138289604913,1.4260000050067902,1.6528333266576132,6107325.0,3229001.6666666665,4892591.16345644
2024-12-19,1.6100000143051147,1.4900000095367432,1.6100000143051147,1.5299999713897705,2035300,7.84313771322296,1.44650000333786,1.6468333264191946,6122645.0,3202841.6666666665,3114008.9417696
2024-12-20,1.4800000190734863,1.4600000381469727,1.6200000047683716,1.5800000429153442,2570500,10.126579890857109,1.4725000083446502,1.6389999945958456,6172335.0,3210053.3333333335,4061390.1103138924
2024-12-23,1.5399999618530273,1.5299999713897705,1.6200000047683716,1.600000023841858,1496400,5.625002002343506,1.4990000069141387,1.6324999948342642,6180210.0,3206878.3333333335,2394240.035676956
2024-12-24,1.600000023841858,1.559999942779541,1.6100000143051147,1.5800000429153442,703000,3.1645614030057794,1.5210000097751617,1.6256666620572409,6131350.0,3201533.3333333335,1110740.030169487
2024-12-26,1.5800000429153442,1.5,1.600000023841858,1.600000023841858,1709500,6.2500013969838415,1.5460000097751618,1.6189999957879384,6137410.0,3204608.3333333335,2735200.040757656
2024-12-27,1.5800000429153442,1.5099999904632568,1.6299999952316284,1.5499999523162842,1806000,7.741936029678345,1.565500009059906,1.6099999964237213,6178140.0,3195676.6666666665,2799299.913883209
2024-12-30,1.5299999713897705,1.4800000190734863,1.559999942779541,1.5099999904632568,1637700,5.29800822591471,1.5815000057220459,1.6006666640440623,6220860.0,3197365.0,2472926.9843816757
2024-12-31,1.4900000095367432,1.4900000095367432,1.5499999523162842,1.5299999713897705,1685500,3.92156496088299,1.597000002861023,1.5908333321412405,6242815.0,3203226.6666666665,2578814.951777458
2025-01-02,1.559999942779541,1.5299999713897705,1.649999976158142,1.600000023841858,1978100,7.500000186264512,1.6180000066757203,1.5848333319028218,5734350.0,3211648.3333333335,3164960.047161579
2025-01-03,1.5800000429153442,1.5800000429153442,1.7100000381469727,1.659999966621399,1299700,7.831325171422603,1.619000005722046,1.5804999987284343,2716015.0,3219826.6666666665,2157501.956617832
2025-01-06,1.6399999856948853,1.6399999856948853,1.8300000429153442,1.7899999618530273,2436600,10.614528562546385,1.6225000023841858,1.5793333311875661,2295280.0,3245670.0,4361513.907051086
2025-01-07,1.7699999809265137,1.6799999475479126,1.809999942779541,1.690000057220459,2142000,7.6923071497073945,1.6260000050067902,1.5771666646003724,2178600.0,3256013.3333333335,3619980.122566223
2025-01-08,1.6799999475479126,1.600000023841858,1.690000057220459,1.600000023841858,972100,5.625002002343506,1.618500006198883,1.5731666644414266,2036620.0,3231000.0,1555360.02317667
2025-01-10,1.600000023841858,1.5199999809265137,1.600000023841858,1.5499999523162842,1099100,5.161293250092945,1.6080000042915343,1.5691666642824809,1876680.0,3232500.0,1703604.947590828
2025-01-13,1.5199999809265137,1.4800000190734863,1.5499999523162842,1.5399999618530273,1008400,4.5454503231655545,1.6004999995231628,1.5648333311080933,1801305.0,3235501.6666666665,1552935.9615325928
2025-01-14,1.5700000524520874,1.4600000381469727,1.5800000429153442,1.4700000286102295,1308900,8.163265471621946,1.5939999997615815,1.5581666648387908,1778790.0,3229800.0,1924083.0374479294
2025-01-15,1.5,1.4800000190734863,1.5399999618530273,1.5199999809265137,809100,3.9473647060816504,1.5899999976158141,1.553166663646698,1702165.0,3233578.3333333335,1229831.9845676422
2025-01-16,1.5299999713897705,1.5099999904632568,1.590000033378601,1.5700000524520874,1484100,5.095543964498412,1.584500002861023,1.5499999980131784,1676610.0,3243933.3333333335,2330037.077844143
2025-01-17,1.590000033378601,1.590000033378601,1.649999976158142,1.6299999952316284,1514700,3.680978095402683,1.5835000038146974,1.54699999888738,1640650.0,3239533.3333333335,2468960.9927773476
2025-01-21,1.6399999856948853,1.6100000143051147,1.7100000381469727,1.6299999952316284,1484600,6.1349708057911725,1.5865000009536743,1.5444999992847444,1559065.0,3235396.6666666665,2419897.9929208755
2025-01-22,1.6299999952316284,1.590000033378601,1.659999966621399,1.6299999952316284,909600,4.294474444636463,1.5915000021457673,1.5416666666666667,1502780.0,3227200.0,1482647.9956626892
2025-01-23,1.6299999952316284,1.6200000047683716,1.7699999809265137,1.7599999904632568,1693600,8.522725964257532,1.6004999995231628,1.5413333336512247,1458935.0,3238583.3333333335,2980735.983848572
2025-01-24,1.75,1.75,1.850000023841858,1.8300000429153442,1348000,5.464482049003094,1.6120000004768371,1.541000000635783,1451515.0,3232608.3333333335,2466840.057849884
2025-01-27,1.8200000524520874,1.7899999618530273,1.9199999570846558,1.809999942779541,1858500,7.182320405601388,1.623499995470047,1.5393333335717518,1509290.0,3234143.3333333335,3363884.893655777
2025-01-28,1.7799999713897705,1.7599999904632568,1.8600000143051147,1.7999999523162842,1223400,5.555557027275219,1.6334999918937683,1.5398333330949148,1484985.0,3215896.6666666665,2202119.941663742
2025-01-29,1.75,1.6399999856948853,1.809999942779541,1.6699999570846558,2658200,10.179638410376207,1.639499992132187,1.537666666507721,1527595.0,3235650.0,4439193.885922432
2025-01-30,1.6799999475479126,1.6799999475479126,1.7799999713897705,1.7300000190734863,1044400,5.780348135222196,1.6504999935626983,1.5375,1497930.0,3233065.0,1806812.0199203491
2025-01-31,1.7300000190734863,1.7000000476837158,1.7799999713897705,1.7000000476837158,1126300,4.705877733065725,1.6589999973773957,1.5361666679382324,1469970.0,3236656.6666666665,1914710.0537061691
2025-02-03,1.6699999570846558,1.659999966621399,1.7400000095367432,1.690000057220459,1453100,4.733730189744502,1.6634999990463257,1.5346666693687439,1443720.0,3244118.3333333335,2455739.083147049
2025-02-04,1.6799999475479126,1.6799999475479126,1.8300000429153442,1.809999942779541,977200,8.287298348589049,1.6709999978542327,1.5353333353996277,1427595.0,3244435.0,1768731.9440841675
2025-02-05,1.7999999523162842,1.7799999713897705,1.8600000143051147,1.850000023841858,818200,4.3243265883429425,1.6740000009536744,1.536166669925054,1346675.0,3239110.0,1513670.0195074081
2025-02-06,1.840000033378601,1.7899999618530273,1.909999966621399,1.7899999618530273,651600,6.70391102378272,1.6789999961853028,1.5365000029404958,1272155.0,3229845.0,1166363.9751434326
2025-02-07,1.7899999618530273,1.7200000286102295,1.7999999523162842,1.7400000095367432,1125200,4.597696739516331,1.685999995470047,1.536333336432775,1279810.0,3230246.6666666665,1957848.0107307434
2025-02-10,1.75,1.659999966621399,1.75,1.659999966621399,1075600,5.421688866764155,1.6914999961853028,1.5333333353201548,1278635.0,3205376.6666666665,1785495.9640979767
2025-02-11,1.6399999856948853,1.6399999856948853,1.7200000286102295,1.659999966621399,940500,4.819279790599543,1.6974999964237214,1.5396666685740152,1275240.0,3044291.6666666665,1561229.9686074257
2025-02-12,1.6299999952316284,1.600000023841858,1.7000000476837158,1.659999966621399,966200,6.024097942928766,1.7069999933242799,1.5471666673819224,1258105.0,3012965.0,1603891.9677495956
2025-02-13,1.659999966621399,1.6200000047683716,1.690000057220459,1.649999976158142,880900,4.242427482640056,1.7134999930858612,1.5540000001589458,1261695.0,2985116.6666666665,1453484.9789977074
2025-02-14,1.649999976158142,1.6399999856948853,1.809999942779541,1.7799999713897705,1155200,9.55055954028611,1.7239999890327453,1.5638333320617677,1245250.0,2979383.3333333335,2056255.966949463
2025-02-18,1.7599999904632568,1.7100000381469727,1.8300000429153442,1.7200000286102295,1038700,6.976744347227267,1.7284999907016754,1.572999999920527,1221450.0,2973476.6666666665,1786564.0297174454
2025-02-19,1.7000000476837158,1.6299999952316284,1.7300000190734863,1.690000057220459,1055800,5.9171609737296595,1.7314999938011169,1.5813333332538604,1200010.0,2955466.6666666665,1784302.0604133606
2025-02-20,1.7000000476837158,1.6799999475479126,1.7400000095367432,1.7200000286102295,1023600,3.4883756389999006,1.735999995470047,1.5913333336512248,1205710.0,2943711.6666666665,1760592.029285431
2025-02-21,1.75,1.7100000381469727,1.7699999809265137,1.7300000190734863,1153000,3.468204746707136,1.7344999969005586,1.6025000015894573,1178680.0,2936650.0,1994690.0219917297
2025-02-24,1.7300000190734863,1.690000057220459,1.7999999523162842,1.7699999809265137,984400,6.214683405716497,1.7314999938011169,1.614166667064031,1160500.0,2930741.6666666665,1742387.98122406
2025-02-25,1.7899999618530273,1.649999976158142,1.7999999523162842,1.6799999475479126,1435100,8.928570288176402,1.7249999940395355,1.623166666428248,1139330.0,2926656.6666666665,2410967.9247260094
2025-02-26,1.7200000286102295,1.690000057220459,1.8300000429153442,1.7100000381469727,4672200,8.187133483727584,1.72049999833107,1.6333333333333333,1311770.0,2978055.0,7989462.178230286
2025-02-27,1.8899999856948853,1.840000033378601,2.180000066757202,2.049999952316284,11203600,16.585367867664427,1.7394999980926513,1.6481666664282482,1739040.0,3148258.3333333335,22967379.46577072
2025-02-28,1.9800000190734863,1.9800000190734863,2.4700000286102295,2.4700000286102295,6650100,19.83805683647893,1.7764999985694885,1.6694999992847444,2019325.0,3246038.3333333335,16425747.190260887
2025-03-03,2.4200000762939453,2.2100000381469727,2.4800000190734863,2.240000009536743,3237600,12.053570525758731,1.80349999666214,1.6864999989668528,2124890.0,3279225.0,7252224.03087616
2025-03-04,2.200000047683716,2.1600000858306885,2.569999933242798,2.549999952316284,2710800,16.078425689368636,1.846499991416931,1.7093333323796591,2187775.0,3121948.3333333335,6912539.870738983
2025-03-05,2.5399999618530273,2.369999885559082,2.680000066757202,2.4000000953674316,3869900,12.91667370332584,1.8759999990463256,1.7220000008742014,2332410.0,2158673.3333333335,9287760.369062424
2025-03-06,2.4000000953674316,2.309999942779541,2.4700000286102295,2.359999895095825,2531300,6.779664955205086,1.9014999926090241,1.732666665315628,2418065.0,2020006.6666666667,5973867.734456062
2025-03-07,2.369999885559082,2.3299999237060547,2.450000047683716,2.390000104904175,1532700,5.020925469058607,1.9314999997615814,1.7455000003178915,2462120.0,1970958.3333333333,3663153.1607866287
2025-03-10,2.369999885559082,2.2100000381469727,2.4200000762939453,2.2200000286102295,1905700,9.459461055882844,1.9555000007152556,1.753333334128062,2501145.0,1939191.6666666667,4230654.054522514
2025-03-11,2.2200000286102295,2.119999885559082,2.319999933242798,2.2899999618530273,2030800,8.73362668189214,1.9870000004768371,1.7621666669845581,2548905.0,1901406.6666666667,4650531.922531128
2025-03-12,2.309999942779541,2.2899999618530273,2.450000047683716,2.4100000858306885,1760400,6.639007474372724,2.0245000064373015,1.7741666674613952,2589900.0,1888815.0,4242564.151096344
2025-03-13,2.4000000953674316,2.25,2.4200000762939453,2.319999933242798,1029200,7.327589706277552,2.0575000047683716,1.7861666659514108,2593050.0,1876648.3333333333,2387743.9312934875
2025-03-14,2.380000114440918,2.299999952316284,2.5,2.319999933242798,1490300,8.620691958562439,2.0910000026226045,1.7981666644414267,2623520.0,1862460.0,3457495.9005117416
2025-03-17,2.319999933242798,2.2899999618530273,2.5299999713897705,2.390000104904175,2257100,10.041840962444885,2.1215000092983245,1.8100000003973642,2678615.0,1866825.0,5394469.236779213
2025-03-18,2.3499999046325684,2.3299999237060547,2.549999952316284,2.4800000190734863,2305400,8.870968827347841,2.1595000088214875,1.8238333344459534,2741950.0,1868016.6666666667,5717392.043972015
2025-03-19,2.490000009536743,2.4100000858306885,2.559999942779541,2.450000047683716,2175800,6.122443021609968,2.19750000834465,1.8385000010331471,2797950.0,1852341.6666666667,5330710.103750229
2025-03-20,2.4100000858306885,2.359999895095825,2.450000047683716,2.4000000953674316,984400,3.7500062088169175,2.2315000116825106,1.8530000030994416,2795990.0,1834826.6666666667,2362560.0938796997
2025-03-21,2.380000114440918,2.319999933242798,2.4200000762939453,2.380000114440918,1468800,4.201686480785667,2.264000016450882,1.8663333376248679,2811780.0,1816465.0,3495744.1680908203
2025-03-24,2.4100000858306885,2.369999885559082,2.4600000381469727,2.430000066757202,1474800,3.7037098812920797,2.2970000207424164,1.8801666716734569,2836300.0,1816105.0,3583764.0984535217
2025-03-25,2.4200000762939453,2.319999933242798,2.430000066757202,2.3499999046325684,819100,4.680856935251802,2.3305000185966493,1.8930000027020772,2805500.0,1818040.0,1924884.9218845367
2025-03-26,2.3499999046325684,2.2699999809265137,2.380000114440918,2.2899999618530273,707300,4.803499360122004,2.359500014781952,1.90450000166893,2607255.0,1801336.6666666667,1619716.9730186462
2025-03-27,2.2699999809265137,2.259999990463257,2.3499999046325684,2.309999942779541,752100,3.896100276999047,2.372500014305115,1.917166668176651,2084680.0,1783771.6666666667,1737350.9569644928
2025-03-28,2.3299999237060547,2.2200000286102295,2.3299999237060547,2.259999990463257,632300,4.867252015929315,2.362000012397766,1.929666668176651,1783790.0,1767015.0,1428997.9939699173
2025-03-31,2.200000047683716,2.119999885559082,2.2300000190734863,2.200000047683716,1242200,5.000005960464348,2.3600000143051147,1.9408333361148835,1684020.0,1759626.6666666667,2732840.059232712
2025-04-01,2.180000066757202,2.0999999046325684,2.200000047683716,2.109999895095825,1044300,4.739343508195102,2.338000011444092,1.9493333339691161,1600695.0,1744063.3333333333,2203472.8904485703
2025-04-02,2.0999999046325684,2.069999933242798,2.2799999713897705,2.2300000190734863,972300,9.41704198882576,2.3295000076293944,1.9588333348433176,1455815.0,1738606.6666666667,2168229.0185451508
2025-04-03,2.180000066757202,2.130000114440918,2.2200000286102295,2.140000104904175,1021700,4.205603259694305,2.318500018119812,1.9646666705608369,1380335.0,1715025.0,2186438.1071805954
2025-04-04,2.049999952316284,2.009999990463257,2.130000114440918,2.0999999046325684,1107100,5.714291877487359,2.3040000081062315,1.9715000013510386,1359055.0,1697776.6666666667,2324909.8944187164
2025-04-07,2.0,1.8300000429153442,2.0,1.9600000381469727,2341100,8.673467029387279,2.291000008583069,1.9775000015894573,1380825.0,1720593.3333333333,4588556.089305878
2025-04-08,2.0199999809265137,1.7599999904632568,2.0399999618530273,1.7699999809265137,1760400,15.819207593618357,2.265000009536743,1.981166668732961,1367305.0,1731615.0,3115907.9664230347
2025-04-09,1.659999966621399,1.649999976158142,1.9299999475479126,1.8799999952316284,2171900,14.893615537231566,2.2385000050067902,1.9868333359559378,1387880.0,1751006.6666666667,4083171.9896435738
2025-04-10,1.809999942779541,1.690000057220459,1.840000033378601,1.8200000524520874,1459100,8.241756694240037,2.2135000109672545,1.9926666696866353,1409375.0,1753510.0,2655562.0765328407
2025-04-11,1.7899999618530273,1.7899999618530273,1.909999966621399,1.909999966621399,892200,6.282722872536994,2.1930000126361846,1.9991666694482169,1379470.0,1754895.0,1704101.9702196121
2025-04-14,1.940000057220459,1.909999966621399,1.9700000286102295,1.9299999475479126,772600,3.108811586500888,2.1700000047683714,2.0051666676998137,1305245.0,1743036.6666666667,1491117.9594755173
2025-04-15,1.9299999475479126,1.9199999570846558,2.0,1.9199999570846558,696100,4.166668994973155,2.1420000016689302,2.010000000397364,1224780.0,1729393.3333333333,1336511.9701266289
2025-04-16,1.8899999856948853,1.8200000524520874,1.909999966621399,1.840000033378601,860000,4.891299594383921,2.1115000009536744,2.013500001033147,1158990.0,1718983.3333333333,1582400.028705597
2025-04-17,1.8300000429153442,1.7899999618530273,1.8600000143051147,1.840000033378601,801600,3.804350607730891,2.083499997854233,2.0170000016689302,1149850.0,1717183.3333333333,1474944.0267562866
2025-04-21,1.8200000524520874,1.809999942779541,1.9900000095367432,1.9299999475479126,1194600,9.32642858285537,2.0609999895095825,2.0198333342870076,1136140.0,1708866.6666666667,2305577.9373407364
2025-04-22,1.9800000190734863,1.9800000190734863,2.200000047683716,2.1500000953674316,1148800,10.232559016358175,2.046999990940094,2.0251666684945424,1119840.0,1705546.6666666667,2469920.1095581055
2025-04-23,2.240000009536743,2.190000057220459,2.380000114440918,2.200000047683716,1379100,8.636366050105398,2.0394999980926514,2.0316666702429456,1147840.0,1697556.6666666667,3034020.0657606125
2025-04-24,2.2200000286102295,2.180000066757202,2.2899999618530273,2.2699999809265137,890200,4.845810397360801,2.0384999990463255,2.039500004053116,1156985.0,1692003.3333333333,2020753.9830207825
2025-04-25,2.25,2.25,2.3299999237060547,2.299999952316284,531900,3.4782576245485726,2.037999999523163,2.050000003973643,1145975.0,1656565.0,1223369.9746370316
2025-04-28,2.319999933242798,2.2200000286102295,2.4000000953674316,2.3299999237060547,1125100,7.725325006487441,2.0414999961853026,2.060000002384186,1170615.0,1657910.0,2621482.914161682
2025-04-29,2.359999895095825,2.309999942779541,2.4200000762939453,2.3399999141693115,1173500,4.700860579025012,2.0484999895095823,2.070666666825612,1167180.0,1658696.6666666667,2745989.899277687
2025-04-30,2.319999933242798,2.2799999713897705,2.4600000381469727,2.4200000762939453,1110000,7.438019052993552,2.0639999985694883,2.0828333338101706,1170465.0,1652978.3333333333,2686200.0846862793
2025-05-01,2.450000047683716,2.3399999141693115,2.4600000381469727,2.3499999046325684,1437600,5.106388461595433,2.0699999928474426,2.0918333331743875,1193730.0,1660651.6666666667,3378359.8628997803
2025-05-02,2.369999885559082,2.2899999618530273,2.4200000762939453,2.309999942779541,1458600,5.627710721260601,2.078499984741211,2.099499998490016,1215575.0,1671325.0,3369365.9165382385
2025-05-05,2.3499999046325684,2.0,2.359999895095825,2.130000114440918,8028900,16.901402617544832,2.0799999952316286,2.1051666676998138,1561665.0,1794280.0,17101557.918834686
2025-05-06,2.440000057220459,2.2699999809265137,2.609999895095825,2.4200000762939453,7422900,14.04958278720374,2.1029999971389772,2.1165000021457674,1815755.0,1899241.6666666667,17963418.566322327
2025-05-07,2.4000000953674316,2.25,2.4800000190734863,2.259999990463257,2128200,10.1769920373469,2.127499997615814,2.1265000025431315,1834145.0,1916785.0,4809731.979703903
2025-05-08,2.2899999618530273,2.1500000953674316,2.319999933242798,2.1700000762939453,1648200,7.834093635872216,2.1420000016689302,2.1350000043710073,1807960.0,1928580.0,3576594.1257476807
2025-05-09,2.1700000762939453,2.0999999046325684,2.259999990463257,2.109999895095825,1708700,7.582942833436592,2.156499993801117,2.1425000031789145,1820440.0,1940955.0,3605356.8207502365
2025-05-12,2.1500000953674316,2.0399999618530273,2.190000057220459,2.049999952316284,2697100,7.317077992999332,2.1634999930858614,2.1491666694482165,1910685.0,1971225.0,5529054.87139225
2025-05-13,2.0399999618530273,1.8300000429153442,2.069999933242798,1.840000033378601,3472900,13.043472063789407,2.1589999973773955,2.150166670481364,2045700.0,2009853.3333333333,6390136.115920544
2025-05-14,1.8300000429153442,1.7000000476837158,1.8799999952316284,1.7200000286102295,2359400,10.465113055454637,2.1490000009536745,2.150166670481364,2128865.0,2031865.0,4058168.0675029755
2025-05-15,1.7100000381469727,1.7100000381469727,1.8799999952316284,1.8700000047683716,1893700,9.090906772789708,2.150499999523163,2.1531666696071623,2180550.0,2045830.0,3541219.0090298653
2025-05-16,1.8700000047683716,1.850000023841858,1.9800000190734863,1.9700000286102295,1256800,6.598984433687503,2.156999999284744,2.157333336273829,2203310.0,2049716.6666666667,2475896.0359573364
2025-05-19,1.9500000476837158,1.8700000047683716,1.9800000190734863,1.9199999570846558,875500,5.729167539781599,2.1564999997615812,2.160500001907349,2187355.0,2045091.6666666667,1680959.9624276161
2025-05-20,1.9299999475479126,1.8700000047683716,1.9500000476837158,1.9199999570846558,881600,4.166668994973155,2.144999992847443,2.1630000015099844,2173995.0,2043378.3333333333,1692671.9621658325
2025-05-21,1.899999976158142,1.840000033378601,1.9700000286102295,1.8799999952316284,946700,6.914893380923203,2.1289999902248384,2.166333335638046,2152375.0,2035238.3333333333,1779795.9954857826
2025-05-22,1.8700000047683716,1.850000023841858,1.909999966621399,1.8700000047683716,632600,3.2085530816334376,2.108999991416931,2.169000001748403,2139495.0,1967911.6666666667,1182962.0030164719
2025-05-23,1.850000023841858,1.8200000524520874,1.8600000143051147,1.850000023841858,781600,2.162160072298822,2.08649999499321,2.1656666696071625,2151980.0,1794211.6666666667,1445960.0186347961
2025-05-27,1.8799999952316284,1.8300000429153442,1.9299999475479126,1.8899999856948853,1116000,5.2910002851561915,2.0644999980926513,2.15600000222524,2151525.0,1701976.6666666667,2109239.984035492
2025-05-28,1.8700000047683716,1.8300000429153442,1.8799999952316284,1.8300000429153442,931100,2.7322377674172094,2.039000004529953,2.1491666694482165,2139405.0,1663535.0,1703913.039958477
2025-05-29,1.850000023841858,1.8300000429153442,1.9299999475479126,1.909999966621399,953400,5.235597192677354,2.0134999990463256,2.138500003019969,2131575.0,1634245.0,1820993.9681768417
2025-05-30,1.8899999856948853,1.850000023841858,1.909999966621399,1.8799999952316284,675000,3.191486326155476,1.9900000035762786,2.129833334684372,2093445.0,1580996.6666666667,1268999.9967813492
2025-06-02,1.9199999570846558,1.8899999856948853,1.9800000190734863,1.9299999475479126,884800,4.663214291427685,1.9710000038146973,2.122666668891907,2064755.0,1553555.0,1707663.953590393
2025-06-03,1.9299999475479126,1.9299999475479126,2.059999942779541,2.0,1689700,6.499999761581421,1.9644999980926514,2.1161666671435038,1747795.0,1556171.6666666667,3379400.0
2025-06-04,2.0,1.9900000095367432,2.059999942779541,2.0399999618530273,882200,3.4313693407726165,1.9454999923706056,2.113166666030884,1420760.0,1539113.3333333333,1799687.9663467407
2025-06-05,2.0299999713897705,1.9700000286102295,2.049999952316284,2.0,786900,3.9999961853027344,1.9324999928474427,2.1083333333333334,1353695.0,1518381.6666666667,1573800.0
2025-06-06,2.049999952316284,2.049999952316284,2.1600000858306885,2.0999999046325684,1724100,5.238101833802261,1.9289999842643737,2.103166663646698,1357490.0,1517776.6666666667,3620609.835577011
2025-06-09,2.200000047683716,2.0799999237060547,2.2100000381469727,2.119999885559082,1010000,6.132081200873961,1.9294999837875366,2.099833329518636,1322555.0,1517456.6666666667,2141199.884414673
2025-06-10,2.140000104904175,2.0999999046325684,2.200000047683716,2.119999885559082,912100,4.716988134401508,1.9329999804496765,2.096499995390574,1233305.0,1507820.0,1933651.8956184387
2025-06-11,2.119999885559082,2.059999942779541,2.1600000858306885,2.059999942779541,881300,4.854376011108917,1.9439999759197235,2.090999992688497,1103725.0,1484890.0,1815477.9495716095
2025-06-12,2.059999942779541,2.0,2.0799999237060547,2.009999990463257,702600,3.9800957256530447,1.958499974012375,2.0831666588783264,1020885.0,1458176.6666666667,1412225.9932994843
2025-06-13,1.9700000286102295,1.9199999570846558,2.0,1.9299999475479126,748100,4.145080056452086,1.9614999711513519,2.0744999905427295,963605.0,1434381.6666666667,1443832.9607605934
2025-06-16,1.940000057220459,1.899999976158142,2.0299999713897705,2.0299999713897705,725700,6.403940742059635,1.964499968290329,2.0683333218097686,937050.0,1430070.0,1473170.9792375565
2025-06-17,1.9800000190734863,1.9299999475479126,2.009999990463257,1.9500000476837158,3219600,4.1025662030301655,1.965999972820282,2.061166654030482,1054255.0,1459250.0,6278220.153522491
2025-06-18,1.9299999475479126,1.9299999475479126,2.069999933242798,2.0,1096800,6.999999284744263,1.9699999749660493,2.053999986251195,1065015.0,1452950.0,2193600.0
2025-06-20,2.0199999809265137,1.9299999475479126,2.0399999618530273,2.0,1101300,5.500000715255737,1.9759999752044677,2.048166654507319,1072745.0,1457653.3333333333,2202600.0
2025-06-23,1.9800000190734863,1.9700000286102295,2.190000057220459,2.109999895095825,2127900,10.42654215867808,1.9879999697208404,2.0451666533946993,1147510.0,1481330.0,4489868.776774406
2025-06-24,2.1500000953674316,2.069999933242798,2.190000057220459,2.1500000953674316,1144500,5.5814008676661615,2.0029999732971193,2.042499989271164,1165655.0,1487870.0,2460675.1091480255
2025-06-25,2.1500000953674316,2.0999999046325684,2.2300000190734863,2.1500000953674316,1743600,6.046516682535364,2.0159999787807465,2.0406666576862333,1197035.0,1506391.6666666667,3748740.166282654
2025-06-26,2.1500000953674316,2.119999885559082,2.190000057220459,2.1600000858306885,860200,3.2407485592509335,2.032499980926514,2.0399999916553497,1193490.0,1500025.0,1858032.0738315582
2025-06-27,2.140000104904175,2.0899999141693115,2.190000057220459,2.140000104904175,5481000,4.672903651826002,2.0439999878406523,2.0404999951521554,1419870.0,1573970.0,11729340.574979782
2025-06-30,2.140000104904175,2.059999942779541,2.2200000286102295,2.069999933242798,1461900,7.72947299471828,2.0534999847412108,2.0378333270549773,1459215.0,1582130.0,3026132.902407646
2025-07-01,2.049999952316284,2.0399999618530273,2.2300000190734863,2.1700000762939453,2294000,8.75576269771162,2.0654999911785126,2.0383333265781403,1529675.0,1603335.0,4977980.175018311
2025-07-02,2.180000066757202,2.109999895095825,2.299999952316284,2.1500000953674316,2491700,8.83721157175057,2.0729999959468843,2.039166663090388,1569775.0,1626411.6666666667,5357155.237627029
2025-07-03,2.1600000858306885,2.130000114440918,2.2300000190734863,2.200000047683716,823600,4.545450112051311,2.0810000002384186,2.0431666632493335,1566845.0,1601120.0,1811920.0392723083
2025-07-07,2.1500000953674316,2.130000114440918,2.2300000190734863,2.1500000953674316,1457000,4.651158148692013,2.0885000050067903,2.0494999984900155,1600350.0,1596063.3333333333,3132550.138950348
2025-07-08,2.1700000762939453,2.140000104904175,2.2300000190734863,2.200000047683716,1054100,4.0909051008461805,2.0935000121593474,2.0548333326975503,1566850.0,1577433.3333333333,2319020.050263405
2025-07-09,2.2300000190734863,2.200000047683716,2.2799999713897705,2.2300000190734863,1080400,3.5874404942513323,2.099000018835068,2.061666665474574,1570370.0,1571121.6666666667,2409292.0206069946
2025-07-10,2.2200000286102295,2.200000047683716,2.25,2.2200000286102295,827300,2.2522500753112733,2.104000025987625,2.0668333331743876,1566130.0,1570040.0,1836606.0236692429
2025-07-11,2.25,2.1700000762939453,2.25,2.180000066757202,865200,3.6697211585436476,2.110000032186508,2.071000001827876,1565325.0,1571583.3333333333,1886136.0577583313
2025-07-14,2.1600000858306885,2.0999999046325684,2.190000057220459,2.119999885559082,885700,4.245290445577358,2.1155000269412993,2.074333333969116,1574480.0,1574743.3333333333,1877683.898639679
2025-07-15,2.119999885559082,2.0299999713897705,2.130000114440918,2.0399999618530273,860200,4.901967888289207,2.1210000276565553,2.0776666661103564,1580085.0,1574746.6666666667,1754807.9671859741
2025-07-16,2.059999942779541,1.9900000095367432,2.0899999141693115,2.0199999809265137,1048900,4.950490375089083,2.1205000281333923,2.0806666652361554,1596245.0,1578868.3333333333,2118777.97999382
2025-07-17,2.0299999713897705,2.0,2.049999952316284,2.0,861300,2.499997615814209,2.1230000257492065,2.0818333327770233,1478330.0,1573313.3333333333,1722600.0
2025-07-18,2.0299999713897705,1.9199999570846558,2.0399999618530273,1.9299999475479126,1064600,6.217616996354481,2.1195000231266024,2.078166663646698,1476720.0,1571910.0,2054677.9441595078
2025-07-21,1.9299999475479126,1.909999966621399,1.9900000095367432,1.9199999570846558,1146500,4.166668994973155,2.115500020980835,2.073499995470047,1478980.0,1568033.3333333333,2201279.950797558
2025-07-22,1.9199999570846558,1.899999976158142,1.9500000476837158,1.899999976158142,1115500,2.631582744894313,2.105000025033951,2.0673333287239073,1428360.0,1571788.3333333333,2119449.9734044075
2025-07-23,1.909999966621399,1.8700000047683716,1.9800000190734863,1.9600000381469727,1040300,5.612245518582295,2.095500022172928,2.061666663487752,1423150.0,1580261.6666666667,2038988.0396842957
2025-07-24,1.9600000381469727,1.8899999856948853,1.9700000286102295,1.899999976158142,736300,4.2105286273269735,2.0830000162124636,2.054499997695287,1372785.0,1573781.6666666667,1398969.98244524
2025-07-25,1.9199999570846558,1.899999976158142,1.9199999570846558,1.909999966621399,597600,1.0471194385354707,2.070500010251999,2.0473333319028217,1359655.0,1564183.3333333333,1141415.980052948
2025-07-28,1.909999966621399,1.840000033378601,1.9299999475479126,1.8600000143051147,849200,4.838705025652108,2.0565000057220457,2.037999997536341,1128065.0,1559836.6666666667,1579512.0121479034
