date,open,low,high,close,volume,daily_volatility_percentage,20_days_moving_average_of_close_price,60_days_moving_average_of_close_price,20_days_moving_average_of_volume,60_days_moving_average_of_volume,turnover
2024-01-02,111.2300033569336,107.875,111.37000274658203,108.91000366210938,2131300,3.2090741245636094,,,,,232119890.8050537
2024-01-03,107.87999725341797,105.51000213623047,107.87999725341797,105.69000244140625,1537200,2.2424023677181837,,,,,162466671.7529297
2024-01-04,102.22000122070312,101.3499984741211,104.19000244140625,102.98999786376953,1951600,2.7575531859334377,,,,,200995279.83093262
2024-01-05,102.7300033569336,102.23999786376953,104.30500030517578,103.12000274658203,1175700,2.002523648569914,,,,,121238187.2291565
2024-01-08,103.45999908447266,103.09500122070312,106.19000244140625,105.38999938964844,1093400,2.936712438207985,,,,,115233425.3326416
2024-01-09,104.0199966430664,103.38999938964844,105.5250015258789,104.0,851400,2.0528866694523735,,,,,88545600.0
2024-01-10,103.62000274658203,102.5199966430664,104.62999725341797,104.48999786376953,964100,2.0193326189005276,,,,,100738806.9404602
2024-01-11,103.98999786376953,101.47000122070312,104.38999938964844,103.70999908447266,1207900,2.81554160131363,,,,,125271307.89413452
2024-01-12,104.0,101.80999755859375,104.52999877929688,102.30000305175781,891600,2.6588476437551654,,,,,91210682.72094727
2024-01-16,101.76000213623047,100.5,102.52999877929688,101.41000366210938,1022500,2.001773696863951,,,,,103691728.74450684
2024-01-17,100.37000274658203,98.37999725341797,101.13999938964844,99.88999938964844,1061900,2.763041498743353,,,,,106073190.35186768
2024-01-18,102.11000061035156,101.2300033569336,103.93000030517578,103.77999877929688,1734500,2.6016544420896746,,,,,180006407.88269043
2024-01-19,105.11000061035156,103.81999969482422,106.2300033569336,105.55999755859375,1361100,2.2830652878441398,,,,,143677712.67700195
2024-01-22,106.38999938964844,105.88999938964844,107.56700134277344,106.69999694824219,874500,1.5716982203274819,,,,,93309147.3312378
2024-01-23,107.12000274658203,106.69000244140625,108.29000091552734,107.7699966430664,607000,1.4846418520548714,,,,,65416387.96234131
2024-01-24,107.86000061035156,105.58999633789062,108.29000091552734,105.95999908447266,1031400,2.5481357125005646,,,,,109287143.0557251
2024-01-25,107.73999786376953,105.55999755859375,107.7699966430664,106.44000244140625,1309300,2.076286202350691,,,,,139361895.1965332
2024-01-26,105.16999816894531,102.72000122070312,105.84500122070312,103.68000030517578,1260400,3.01408178125169,,,,,130678272.38464355
2024-01-29,104.0,102.7699966430664,104.23500061035156,103.69999694824219,1620100,1.4127328933445928,,,,,168004365.05584717
2024-01-30,102.87999725341797,100.11000061035156,103.19000244140625,100.26000213623047,2413800,3.0720145276574677,104.2875,,1305035.0,,242007593.1564331
2024-01-31,101.05000305175781,98.33999633789062,102.1500015258789,99.73999786376953,3626300,3.819937106066715,103.82899971008301,,1379785.0,,361687154.25338745
2024-02-01,105.06999969482422,102.77999877929688,108.43000030517578,105.75,3979200,5.342791041020242,103.83199958801269,,1501885.0,,420800400.0
2024-02-02,105.30000305175781,102.33999633789062,105.30000305175781,103.58999633789062,2167800,2.8574252519637278,103.86199951171875,,1512695.0,,224562394.0612793
2024-02-05,104.19000244140625,104.02999877929688,108.12999725341797,107.33000183105469,1736400,3.8199929229245635,104.07249946594239,,1540730.0,,186367815.17944336
2024-02-06,107.72000122070312,106.6760025024414,108.72000122070312,108.61000061035156,1762900,1.881961796128474,104.23349952697754,,1574205.0,,191468570.07598877
2024-02-07,109.93000030517578,107.95999908447266,111.0999984741211,110.8499984741211,1609300,2.83265623172877,104.5759994506836,,1612100.0,,178390902.54440308
2024-02-08,110.4800033569336,110.4800033569336,113.70999908447266,112.62000274658203,1396200,2.8680479921557196,104.98249969482421,,1633705.0,,157240047.83477783
2024-02-09,112.8499984741211,112.21499633789062,113.91999816894531,112.31999969482422,1133000,1.5179859648212366,105.41299972534179,,1629960.0,,127258559.65423584
2024-02-12,112.41000366210938,111.76000213623047,114.79000091552734,113.7300033569336,1194000,2.6642035433582443,105.98449974060058,,1645080.0,,135793624.0081787
2024-02-13,110.38999938964844,110.0,112.75,111.70999908447266,1332100,2.4617312886382803,106.49949951171875,,1660560.0,,148808889.78042603
2024-02-14,112.80000305175781,111.80999755859375,113.9000015258789,113.58999633789062,1078900,1.8399542518410892,107.18449935913085,,1661410.0,,122552247.0489502
2024-02-15,114.0,113.3499984741211,114.75,113.87999725341797,1222900,1.2293656126136647,107.68949928283692,,1635830.0,,139263848.64120483
2024-02-16,113.7300033569336,112.11000061035156,114.29000091552734,112.16999816894531,855500,1.9434789522706104,108.01999931335449,,1610550.0,,95961433.43353271
2024-02-20,111.0,110.9000015258789,112.55000305175781,111.86000061035156,1086100,1.475059464398228,108.27799949645996,,1621130.0,,121491146.66290283
2024-02-21,110.93000030517578,110.18499755859375,111.91999816894531,111.88999938964844,864300,1.550630637068425,108.48399963378907,,1633995.0,,96706526.47247314
2024-02-22,113.68000030517578,112.02999877929688,113.86000061035156,113.44999694824219,1010300,1.6130470518122317,108.85849952697754,,1632940.0,,114618531.91680908
2024-02-23,113.41999816894531,112.68000030517578,113.95999908447266,112.80000305175781,670600,1.1347506601658095,109.17649955749512,,1601005.0,,75643682.04650879
2024-02-26,113.70999908447266,113.41000366210938,114.25,113.5199966430664,592400,0.7399545126236844,109.66849937438965,,1567605.0,,67249246.01135254
2024-02-27,113.87999725341797,113.7300033569336,114.77999877929688,114.01000213623047,561700,0.9209678122000581,110.18399963378906,,1514685.0,,64039418.199920654
2024-02-28,112.77999877929688,111.87999725341797,113.43000030517578,112.05000305175781,624300,1.3833137077576334,110.77349967956543,,1425210.0,,69952816.9052124
2024-02-29,113.6500015258789,112.4000015258789,114.7699966430664,114.55000305175781,1159200,2.068961199517953,111.51399993896484,,1301855.0,,132786363.53759766
2024-03-01,115.0,114.97000122070312,120.25499725341797,119.62000274658203,1804000,4.4181540807278195,112.20750007629394,,1193095.0,,215794484.95483398
2024-03-04,121.0,119.62000274658203,121.6500015258789,120.22000122070312,1337300,1.6885699207157288,113.03900032043457,,1151570.0,,160770207.6324463
2024-03-05,119.22000122070312,112.26000213623047,119.22000122070312,113.29000091552734,1406800,6.143524607844478,113.33700027465821,,1135090.0,,159376373.28796387
2024-03-06,115.0,114.97000122070312,118.7249984741211,115.88999938964844,1235300,3.2401391605783147,113.70100021362305,,1108710.0,,143158916.2460327
2024-03-07,116.94000244140625,116.81999969482422,119.95999908447266,118.79000091552734,1138000,2.643319610613792,114.09800033569336,,1085145.0,,135183021.04187012
2024-03-08,119.01000213623047,116.05000305175781,119.75,116.06999969482422,1384800,3.1877289204534884,114.27050018310547,,1084575.0,,160733735.57739258
2024-03-11,115.22000122070312,114.94999694824219,117.52999877929688,117.48999786376953,904200,2.195933167048158,114.52900009155273,,1073135.0,,106234456.06842041
2024-03-12,118.44000244140625,116.6500015258789,120.38500213623047,120.16999816894531,1010000,3.1080974180432106,114.85099983215332,,1063935.0,,121371698.15063477
2024-03-13,119.20999908447266,115.68000030517578,120.18000030517578,116.12999725341797,1399000,3.8749678002490047,115.07199974060059,,1067280.0,,162465866.15753174
2024-03-14,115.69000244140625,112.44999694824219,116.44000244140625,113.58000183105469,1685600,3.5129471991900667,115.07150001525879,,1097615.0,,191450451.08642578
2024-03-15,111.7699966430664,111.58000183105469,113.19000244140625,111.8499984741211,2416200,1.4394283704206494,114.97000007629394,,1157280.0,,270251966.3131714
2024-03-18,112.83999633789062,110.98999786376953,113.4800033569336,111.27999877929688,1320500,2.2376038106385354,114.92550010681153,,1180530.0,,146945238.38806152
2024-03-19,110.54000091552734,109.08000183105469,111.19499969482422,110.80000305175781,1314200,1.9088427847619789,114.87250022888183,,1191935.0,,145613364.01062012
2024-03-20,110.72000122070312,110.31999969482422,114.22000122070312,113.5199966430664,1069800,3.435519416144302,114.95400009155273,,1202210.0,,121443692.40875244
2024-03-21,115.83000183105469,114.76000213623047,117.87999725341797,115.37999725341797,1271000,2.704103996756747,115.05050010681153,,1215245.0,,146647976.50909424
2024-03-22,114.7300033569336,114.23999786376953,115.76000213623047,114.37999725341797,539400,1.3289074217174943,115.12949981689454,,1208685.0,,61696570.51849365
2024-03-25,112.93000030517578,112.17500305175781,114.20999908447266,113.75,771200,1.7890075012877746,115.14099998474121,,1217625.0,,87724000.0
2024-03-26,113.41000366210938,112.55000305175781,115.0,112.63999938964844,893200,2.1750683252110714,115.0724998474121,,1234200.0,,100610047.45483398
2024-03-27,113.4800033569336,112.41000366210938,114.71499633789062,114.5999984741211,949700,2.0113374402022894,115.19999961853027,110.0869997660319,1250470.0,1326905.0,108835618.5508728
2024-03-28,114.91000366210938,114.13999938964844,115.80000305175781,114.83000183105469,1142300,1.4456184234427512,115.21399955749511,110.18566640218098,1249625.0,1310421.6666666667,131170311.09161377
2024-04-01,115.20999908447266,113.62999725341797,116.68000030517578,114.1500015258789,938000,2.6719255462001437,114.94049949645996,110.3266663869222,1206325.0,1300435.0,107072701.43127441
2024-04-02,113.0,112.2699966430664,114.1500015258789,113.80000305175781,862600,1.652025336025209,114.6194995880127,110.50683314005533,1182590.0,1282285.0,98163882.63244629
2024-04-03,112.9000015258789,112.8499984741211,115.5,114.9000015258789,777900,2.306354648117256,114.69999961853027,110.70316645304362,1151145.0,1275655.0,89380711.1869812
2024-04-04,116.0,112.52999877929688,116.63999938964844,113.0,1294500,3.6371686817270468,114.55549964904785,110.82999979654947,1154105.0,1279006.6666666667,146278500.0
2024-04-05,112.66999816894531,112.66999816894531,115.16999816894531,115.08999633789062,758900,2.1722131197748027,114.37049942016601,111.01483306884765,1135150.0,1277465.0,87341798.2208252
2024-04-08,114.56999969482422,113.37999725341797,115.5199966430664,114.45999908447266,640000,1.86964826731223,114.28999938964844,111.18099975585938,1097910.0,1272063.3333333333,73254399.4140625
2024-04-09,115.51000213623047,114.7300033569336,116.62999725341797,116.48999786376953,833700,1.6310360814894538,114.23999938964843,111.39399973551433,1094385.0,1265826.6666666667,97117711.21902466
2024-04-10,113.80000305175781,112.56999969482422,115.2699966430664,113.37999725341797,926600,2.3813697421489333,113.90049934387207,111.57866630554199,1090215.0,1266410.0,105057905.45501709
2024-04-11,114.16999816894531,112.70999908447266,116.33000183105469,115.80999755859375,794300,3.1258119531092303,113.88449935913086,111.81866620381673,1059980.0,1262606.6666666667,91987881.06079102
2024-04-12,113.48999786376953,110.94999694824219,114.38999938964844,111.36000061035156,1222700,3.089082635193953,113.7734992980957,112.00983289082845,1036835.0,1265286.6666666667,136159872.74627686
2024-04-15,112.63999938964844,109.05000305175781,112.98999786376953,110.06999969482422,1223900,3.579535589112014,113.68449935913085,112.11466623942057,977220.0,1256776.6666666667,134714672.62649536
2024-04-16,110.20999908447266,110.20999908447266,112.11000061035156,111.1500015258789,958000,1.7094030587453761,113.67799949645996,112.20783297220866,959095.0,1250058.3333333333,106481701.46179199
2024-04-17,111.51000213623047,109.47000122070312,111.67500305175781,109.94999694824219,1386000,2.0054587469362724,113.63549919128418,112.26199963887532,962685.0,1258583.3333333333,152390695.77026367
2024-04-18,109.05999755859375,107.76000213623047,110.05500030517578,107.83999633789062,1482100,2.12815119332394,113.35149917602538,112.26316630045572,983300.0,1273168.3333333333,159829658.5723877
2024-04-19,107.43000030517578,104.2699966430664,107.72000122070312,104.87999725341797,1236100,3.2894781349970765,112.8264991760254,112.24516626993815,981555.0,1276580.0,129642164.60494995
2024-04-22,105.62999725341797,104.9800033569336,107.80000305175781,107.12000274658203,1216100,2.6325612607531403,112.4634994506836,112.25649960835774,1015390.0,1275026.6666666667,130268635.34011841
2024-04-23,107.19000244140625,107.1449966430664,108.8499984741211,107.9800033569336,1001700,1.5789977570372118,112.17499961853028,112.32816632588704,1026915.0,1270715.0,108163569.36264038
2024-04-24,111.02999877929688,110.63999938964844,113.52999877929688,112.1500015258789,1551900,2.576905350270158,112.1504997253418,112.46899973551432,1059850.0,1269578.3333333333,174045587.36801147
2024-04-25,112.72000122070312,111.7300033569336,115.58999633789062,114.69999694824219,1261200,3.365294754714627,112.15549964904785,112.70966631571451,1075425.0,1250368.3333333333,144659636.15112305
2024-04-26,114.69999694824219,114.5999984741211,117.0999984741211,116.75,1042900,2.141327623126338,112.25149955749512,112.99316635131837,1070455.0,1207311.6666666667,121758575.0
2024-04-29,115.98999786376953,115.98999786376953,118.9000015258789,118.83000183105469,1041000,2.4488795903972482,112.48549957275391,113.21116638183594,1075605.0,1158341.6666666667,123702031.90612793
2024-04-30,118.56999969482422,116.73999786376953,119.04499816894531,116.83999633789062,1288200,1.9727836164167023,112.63749923706055,113.43199971516927,1096885.0,1143681.6666666667,150513283.2824707
2024-05-01,113.63999938964844,111.80999755859375,116.2300033569336,111.88999938964844,2943400,3.950313542274237,112.48699913024902,113.50799967447917,1205160.0,1163798.3333333333,329337024.2034912
2024-05-02,101.93000030517578,94.33999633789062,103.0,95.66999816894531,5929200,9.051953410531612,111.6204990386963,113.29233296712239,1436895.0,1233236.6666666667,567246553.1433105
2024-05-03,96.5199966430664,95.41000366210938,97.30000305175781,95.94999694824219,2424500,1.9697753514968324,110.66349906921387,113.04399960835775,1520175.0,1246823.3333333333,232630767.60101318
2024-05-06,96.33000183105469,95.38500213623047,97.15499877929688,96.20999908447266,2052500,1.8397221285828558,109.75099906921386,112.77049954732259,1590800.0,1257761.6666666667,197471023.12088013
2024-05-07,96.83999633789062,96.11000061035156,97.66999816894531,96.75,1429900,1.6124005773578813,108.7639991760254,112.51099955240885,1620610.0,1262710.0,138342825.0
2024-05-08,95.5,94.87000274658203,97.46499633789062,96.0199966430664,1401200,2.7025553864107303,107.89599914550782,112.2158327738444,1644340.0,1266163.3333333333,134543219.29626465
2024-05-09,95.70999908447266,95.11000061035156,97.44999694824219,97.0199966430664,1205400,2.4118701493047867,106.95649909973145,111.97099939982097,1664895.0,1264051.6666666667,116947903.95355225
2024-05-10,97.68000030517578,96.68000030517578,97.91000366210938,97.69000244140625,816300,1.2590882651183684,106.27299919128419,111.70599950154623,1644575.0,1259675.0,79744348.99291992
2024-05-13,98.0,97.91999816894531,99.30000305175781,98.3499984741211,1113500,1.4031569946344449,105.68699913024902,111.44716618855794,1639055.0,1257851.6666666667,109512723.30093384
2024-05-14,98.9000015258789,98.41300201416016,99.48999786376953,99.05000305175781,922100,1.0873254078009458,105.08199920654297,111.22849960327149,1637260.0,1258961.6666666667,91334007.81402588
2024-05-15,99.30999755859375,98.91000366210938,99.9800033569336,99.91000366210938,1195500,1.0709635227748604,104.57999954223632,111.02933298746744,1627735.0,1260785.0,119442409.37805176
2024-05-16,99.37999725341797,98.91999816894531,100.68000030517578,99.51000213623047,1149900,1.768668574462498,104.16349983215332,110.82299969991048,1611125.0,1265545.0,114426551.45645142
2024-05-17,100.13999938964844,97.41999816894531,100.30999755859375,98.43000030517578,1096300,2.936096089290037,103.84099998474122,110.57266642252604,1604135.0,1266978.3333333333,107908809.33456421
2024-05-20,98.61000061035156,98.37999725341797,99.62000274658203,98.68000030517578,865100,1.2565925104674163,103.4189998626709,110.33733304341634,1586585.0,1270220.0,85368068.26400757
2024-05-21,97.47000122070312,96.97000122070312,98.47000122070312,97.98999786376953,734000,1.5307684791312814,102.9194995880127,110.07849973042806,1573200.0,1272580.0,71924658.43200684
2024-05-22,99.0,98.2249984741211,99.97000122070312,99.55000305175781,1180400,1.752890701243649,102.28949966430665,109.83749974568686,1554625.0,1282891.6666666667,117508823.60229492
2024-05-23,100.0,95.68000030517578,100.0,96.86000061035156,1609600,4.460045083215222,101.3974998474121,109.58433303833007,1572045.0,1299313.3333333333,155905856.98242188
2024-05-24,97.80999755859375,97.20999908447266,98.58999633789062,98.29000091552734,1000200,1.404005738695607,100.47449989318848,109.31333300272624,1569910.0,1296663.3333333333,98309658.91571045
2024-05-28,99.41000366210938,97.69000244140625,99.41000366210938,98.18000030517578,1259700,1.7518855320399211,99.44199981689454,108.9559996287028,1580845.0,1287591.6666666667,123677346.38442993
2024-05-29,96.0,96.0,97.33000183105469,96.27999877929688,1099400,1.3813895387591948,98.41399993896485,108.5569995880127,1571405.0,1283626.6666666667,105850230.65795898
2024-05-30,96.56999969482422,96.0,97.33000183105469,97.08999633789062,916800,1.3698649513035743,97.67399978637695,108.28699951171875,1470075.0,1275460.0,89012108.64257812
2024-05-31,97.22000122070312,95.16999816894531,98.44000244140625,98.38999938964844,1250500,3.3235128496250126,97.80999984741212,107.99533284505209,1236140.0,1275713.3333333333,123036694.23675537
2024-06-03,99.0,96.23999786376953,99.0,97.88999938964844,1240700,2.8194934655626636,97.90699996948243,107.64699948628744,1176950.0,1277425.0,121452122.24273682
2024-06-04,97.88999938964844,96.69999694824219,98.08999633789062,97.69999694824219,1092500,1.42272203998615,97.9814998626709,107.3408327738444,1128950.0,1272553.3333333333,106737246.66595459
2024-06-05,98.6500015258789,97.66999816894531,99.71499633789062,99.63999938964844,1022700,2.052386773857976,98.12599983215333,107.04333279927572,1108590.0,1274528.3333333333,101901827.37579346
2024-06-06,98.9800033569336,98.23999786376953,100.55999755859375,99.9800033569336,1174900,2.3204637096697267,98.32400016784668,106.70683288574219,1097275.0,1277276.6666666667,117466505.94406128
2024-06-07,99.44999694824219,98.79499816894531,100.27999877929688,99.48999786376953,804800,1.4926129683759328,98.44750022888184,106.42949956258138,1077245.0,1267373.3333333333,80069550.28076172
2024-06-10,98.8499984741211,98.8499984741211,103.5,102.36000061035156,2263100,4.542791616013977,98.68100013732911,106.24249954223633,1149585.0,1276998.3333333333,231650917.38128662
2024-06-11,101.55999755859375,100.41999816894531,104.12999725341797,104.06999969482422,1468200,3.564907365573066,98.96700019836426,106.1128328959147,1167320.0,1261198.3333333333,152795573.55194092
2024-06-12,106.05000305175781,105.55000305175781,109.43000030517578,108.72000122070312,2736200,3.5687980223082594,99.45050010681152,106.07016626993816,1258025.0,1284793.3333333333,297479667.3400879
2024-06-13,107.6500015258789,107.55999755859375,113.7750015258789,113.36000061035156,2444600,5.482536991727599,100.12299995422363,106.1128328959147,1320480.0,1303633.3333333333,277119857.4920654
2024-06-14,112.36000061035156,111.11000061035156,113.56999969482422,112.37999725341797,1408200,2.189000840536893,100.76649971008301,106.09383290608724,1333395.0,1309273.3333333333,158253512.13226318
2024-06-17,112.36000061035156,111.05999755859375,114.95999908447266,114.19999694824219,1124300,3.4150627233785897,101.55499954223633,106.07416623433431,1334795.0,1306828.3333333333,128395056.56890869
2024-06-18,114.01000213623047,113.58999633789062,115.80000305175781,114.70999908447266,1106800,1.9266033750377196,102.35649948120117,106.0796662648519,1346880.0,1316285.0,126961026.98669434
2024-06-20,114.70999908447266,112.41000366210938,115.26000213623047,112.91000366210938,1573400,2.5241328329506585,103.10249977111816,106.06566632588705,1388850.0,1329655.0,177652599.7619629
2024-06-21,112.55999755859375,110.62999725341797,113.87999725341797,113.5199966430664,3870600,2.8629317266620125,103.80099945068359,106.08033294677735,1523360.0,1379278.3333333333,439390499.00665283
2024-06-24,112.18000030517578,112.18000030517578,115.51000213623047,113.52999877929688,1299700,2.9331470684926497,104.63449935913086,106.06249961853027,1507865.0,1385111.6666666667,147554939.41345215
2024-06-25,114.19999694824219,112.9000015258789,115.6050033569336,115.43000030517578,1413600,2.3434131715352664,105.49149932861329,106.07249959309895,1528535.0,1389633.3333333333,163171848.43139648
2024-06-26,115.08999633789062,112.31500244140625,116.11000061035156,113.83999633789062,1158600,3.333624640746919,106.27449913024903,106.06733283996581,1523480.0,1393310.0,131895019.75708008
2024-06-27,113.83000183105469,111.0,114.22000122070312,112.38999938964844,1049200,2.865024680300603,107.0799991607666,106.04383277893066,1520970.0,1396420.0,117919587.35961914
2024-06-28,113.5,113.3499984741211,116.44000244140625,116.04000091552734,2010600,2.66287826861925,108.02749938964844,106.06283276875814,1575660.0,1416965.0,233310025.84075928
2024-07-01,116.94000244140625,115.38999938964844,118.05000305175781,117.80999755859375,1044700,2.2578760013863852,108.99849929809571,106.1429993947347,1565370.0,1412801.6666666667,123076104.44946289
2024-07-02,117.66999816894531,117.0,119.4800033569336,118.9000015258789,1070000,2.0857891716627224,110.04899940490722,106.20649948120118,1556835.0,1417986.6666666667,127223001.63269043
2024-07-03,119.12999725341797,116.54499816894531,119.44999694824219,117.12999725341797,1129400,2.480149276373439,111.02049942016602,106.2509994506836,1558680.0,1426143.3333333333,132286618.89801025
2024-07-05,118.12999725341797,116.13500213623047,119.33000183105469,118.75,907000,2.690526058799342,111.97599945068359,106.28866615295411,1552895.0,1427365.0,107706250.0
2024-07-08,118.75,118.75,121.87999725341797,120.81999969482422,942400,2.5906284235424093,113.01799926757812,106.4126661936442,1541270.0,1427628.3333333333,113860767.71240234
2024-07-09,120.55000305175781,118.01499938964844,120.77999877929688,119.69000244140625,915700,2.3101339570964012,114.02799949645996,106.47733294169107,1546815.0,1429651.6666666667,109600135.2355957
2024-07-10,120.69000244140625,120.29499816894531,125.20999908447266,124.94999694824219,1235400,3.9335742581596667,115.15749931335449,106.70383288065592,1495430.0,1429863.3333333333,154363226.2298584
2024-07-11,125.72000122070312,122.33999633789062,125.73999786376953,122.51000213623047,1064700,2.7752848474348424,116.07949943542481,106.91116625467936,1475255.0,1427210.0,130436399.27444458
2024-07-12,122.81999969482422,122.08000183105469,125.30000305175781,122.80000305175781,1159600,2.6221507660272265,116.78349952697754,107.10533294677734,1396425.0,1430570.0,142398883.53881836
2024-07-15,123.9800033569336,123.66999816894531,127.5,126.31999969482422,1285800,3.0319837241193537,117.43149948120117,107.37816632588705,1338485.0,1428900.0,162422255.60760498
2024-07-16,126.83000183105469,126.51000213623047,130.99000549316406,129.2100067138672,1394000,3.467226316963566,118.27299995422364,107.73433316548666,1337775.0,1427431.6666666667,180118749.35913086
2024-07-17,126.0,123.43000030517578,128.97000122070312,123.58999633789062,2167600,4.482564187785215,118.74249992370605,108.0461664835612,1389940.0,1442956.6666666667,267893676.06201172
2024-07-18,125.52999877929688,123.19000244140625,127.19000244140625,124.58999633789062,1047000,3.210530634539805,119.23649978637695,108.33733304341634,1386950.0,1440138.3333333333,130445726.16577148
2024-07-19,124.36000061035156,121.12000274658203,124.38999938964844,121.80000305175781,1178200,2.684726240669182,119.68099975585938,108.5676663716634,1367190.0,1443080.0,143504763.59558105
2024-07-22,124.87999725341797,122.76000213623047,125.87999725341797,125.48999786376953,1145800,2.48625003609812,120.27949981689453,108.7899996439616,1230950.0,1436311.6666666667,143786439.55230713
2024-07-23,124.30999755859375,123.9800033569336,125.30000305175781,125.13999938964844,865700,1.0548183644416806,120.85999984741211,108.9639996846517,1209250.0,1429720.0,108333697.47161865
2024-07-24,124.26000213623047,119.84500122070312,125.23999786376953,120.04000091552734,1682600,4.494332390802703,121.09049987792969,109.01883303324381,1222700.0,1440381.6666666667,201979305.5404663
2024-07-25,119.70999908447266,118.20999908447266,122.79000091552734,118.66999816894531,1704900,3.8594437530321173,121.33199996948242,109.01616630554199,1250015.0,1451446.6666666667,202320479.87823486
2024-07-26,121.62000274658203,120.375,123.66000366210938,122.01000213623047,1099500,2.6924052164522534,121.81300010681153,109.10233306884766,1252530.0,1448301.6666666667,134149997.3487854
2024-07-29,122.62000274658203,122.30999755859375,124.87000274658203,122.47000122070312,1185400,2.0903120457840916,122.1345001220703,109.27866643269857,1211270.0,1419001.6666666667,145175939.44702148
2024-07-30,122.66000366210938,118.63999938964844,123.41000366210938,119.45999908447266,2788700,3.9929719646891746,122.21700019836426,109.67516644795735,1298470.0,1366660.0,333138099.4468689
2024-07-31,121.5,111.79000091552734,121.94000244140625,119.80000305175781,3835200,8.472455148013434,122.2620002746582,110.07266654968262,1436730.0,1390171.6666666667,459456971.70410156
2024-08-01,118.04000091552734,109.20999908447266,119.08300018310547,110.6500015258789,2676600,8.922730196550162,121.93800048828125,110.31333325703939,1514090.0,1400573.3333333333,296165794.0841675
2024-08-02,108.55000305175781,107.26000213623047,110.54000091552734,107.93000030517578,2386300,3.0390056240364736,121.39700050354004,110.49966659545899,1588055.0,1416513.3333333333,257553359.72824097
2024-08-05,103.58000183105469,102.12999725341797,106.91000366210938,104.61000061035156,1885100,4.569358933947283,120.58650054931641,110.64283332824706,1635190.0,1424578.3333333333,197200312.15057373
2024-08-06,104.94000244140625,102.91999816894531,106.46499633789062,103.0199966430664,1300500,3.4410777368083934,119.75300025939941,110.74283332824707,1654430.0,1426163.3333333333,133977505.63430786
2024-08-07,105.98999786376953,100.02999877929688,106.83000183105469,100.5999984741211,1310600,6.759446476042526,118.53550033569336,110.79133326212565,1658190.0,1434401.6666666667,131846358.0001831
2024-08-08,103.7699966430664,101.63999938964844,107.87999725341797,107.08000183105469,1653300,5.827416657701107,117.76400032043458,110.93683331807455,1687620.0,1443398.3333333333,177035367.0272827
2024-08-09,104.94000244140625,104.88999938964844,107.36000061035156,106.19999694824219,854500,2.325801592919922,116.93400001525879,111.05599988301596,1672365.0,1442271.6666666667,90747897.39227295
2024-08-12,106.72000122070312,106.2249984741211,109.0199966430664,107.27999877929688,963700,2.6053301647545295,115.98199996948242,111.17883313496908,1656260.0,1438408.3333333333,103385734.8236084
2024-08-13,108.08999633789062,107.52999877929688,111.0999984741211,111.01000213623047,1300500,3.215926156314408,115.07199974060059,111.37049980163575,1651585.0,1440918.3333333333,144368507.77816772
2024-08-14,111.08000183105469,108.0999984741211,111.55000305175781,108.5199966430664,988000,3.1791418027629916,114.31849975585938,111.53866640726726,1592605.0,1439113.3333333333,107217756.68334961
2024-08-15,109.7300033569336,109.63999938964844,113.0,112.37999725341797,1651600,2.9898564624225155,113.70799980163574,111.76699968973796,1622835.0,1452221.6666666667,185606803.46374512
2024-08-16,111.0,110.69999694824219,112.5199966430664,111.18000030517578,921600,1.6369847902757129,113.17699966430663,111.9868330637614,1610005.0,1455348.3333333333,102463488.28125
2024-08-19,110.66000366210938,109.69000244140625,112.43000030517578,112.33999633789062,1217500,2.4390225681762554,112.51949958801269,112.19999961853027,1613590.0,1455966.6666666667,136773945.54138184
2024-08-20,112.51000213623047,110.69000244140625,113.0,111.2300033569336,911000,2.0767755901085794,111.82399978637696,112.43949966430664,1615855.0,1444323.3333333333,101330533.0581665
2024-08-21,111.80000305175781,111.58999633789062,113.48999786376953,112.91999816894531,698000,1.6826085340846515,111.46799964904785,112.6833329518636,1566625.0,1439286.6666666667,78818158.72192383
2024-08-22,113.20999908447266,109.47000122070312,113.55999755859375,110.43000030517578,985800,3.703700377241536,111.05599975585938,112.88749961853027,1530670.0,1434721.6666666667,108861894.30084229
2024-08-23,112.08000183105469,111.30999755859375,115.94999694824219,115.5199966430664,1271100,4.016620086983818,110.73149948120117,113.2081662495931,1539250.0,1437583.3333333333,146837467.7330017
2024-08-26,115.19999694824219,111.58999633789062,115.24600219726562,112.38999938964844,1012100,3.252963679357163,110.22749938964844,113.46316630045573,1530585.0,1439171.6666666667,113749918.38226318
2024-08-27,112.0199966430664,111.36000061035156,114.33499908447266,113.66999816894531,881100,2.6172240010943053,109.93799934387206,113.71783294677735,1435205.0,1433015.0,100154635.38665771
2024-08-28,113.0199966430664,110.72100067138672,113.91999816894531,112.26000213623047,818200,2.8496324930374812,109.56099929809571,113.95733299255372,1284355.0,1425973.3333333333,91851133.74786377
2024-08-29,112.63999938964844,112.63999938964844,117.9000015258789,113.87000274658203,1451600,4.619304478227349,109.72199935913086,114.22683308919271,1223105.0,1431958.3333333333,165293695.98693848
2024-08-30,116.2699966430664,114.02999877929688,116.7699966430664,115.88999938964844,1760300,2.3643091536803253,110.1199993133545,114.49766642252604,1191805.0,1444251.6666666667,204001165.92559814
2024-09-03,113.83999633789062,107.31999969482422,113.87999725341797,108.11000061035156,1824800,6.06789151933982,110.2949993133545,114.63316637674967,1188790.0,1455083.3333333333,197279129.11376953
2024-09-04,107.63999938964844,107.0999984741211,110.7249984741211,108.8499984741211,955600,3.3302710618428146,110.58649940490723,114.7891663869222,1171545.0,1457596.6666666667,104017058.54187012
2024-09-05,107.58000183105469,106.98999786376953,109.77999877929688,108.08000183105469,921400,2.5814219728535304,110.9604995727539,114.88449974060059,1152085.0,1435235.0,99584913.68713379
2024-09-06,107.66999816894531,103.46800231933594,108.19999694824219,104.3499984741211,1745900,4.534733778726206,110.82399940490723,114.8891663869222,1156715.0,1439863.3333333333,182184662.33596802
2024-09-09,105.7699966430664,104.59500122070312,107.15899658203125,105.2699966430664,1158100,2.435637354508268,110.77749938964844,114.83166631062825,1171895.0,1413561.6666666667,121913183.1123352
2024-09-10,104.80000305175781,102.43000030517578,104.80000305175781,104.54000091552734,1051400,2.267077411350983,110.64049949645997,114.68466631571452,1176280.0,1390341.6666666667,109913356.96258545
2024-09-11,104.8499984741211,102.43000030517578,107.37000274658203,107.16999816894531,1518800,4.6095012837629366,110.4484992980957,114.59783299763997,1187195.0,1392185.0,162769793.21899414
2024-09-12,106.41000366210938,104.08000183105469,106.41000366210938,105.61000061035156,833800,2.206232191638022,110.30299949645996,114.45466639200846,1179485.0,1387343.3333333333,88057618.50891113
2024-09-13,106.58999633789062,106.1500015258789,108.44100189208984,107.6500015258789,911900,2.1281935287852125,110.06649971008301,114.3369997660319,1142500.0,1384095.0,98166036.39144897
2024-09-16,104.69999694824219,98.72000122070312,105.0,100.45999908447266,2771700,6.251243118185064,109.53049964904785,114.12949968973795,1235005.0,1404066.6666666667,278444979.46243286
2024-09-17,102.06999969482422,99.30000305175781,102.29499816894531,100.0,1507200,2.9949951171875,108.91349983215332,113.90416641235352,1249490.0,1364676.6666666667,150720000.0
2024-09-18,100.5,99.4000015258789,101.73999786376953,99.80000305175781,1752500,2.3446856376117213,108.34199981689453,113.67533315022787,1291565.0,1372223.3333333333,174899505.34820557
2024-09-19,102.69000244140625,101.55000305175781,104.3499984741211,103.16999816894531,1567600,2.7139628497212613,107.85449981689453,113.47099978129069,1335045.0,1374790.0,161729289.12963867
2024-09-20,101.91000366210938,100.54000091552734,102.80999755859375,102.26000213623047,2669800,2.219828472174608,107.44599990844726,113.27799987792969,1419245.0,1399976.6666666667,273013753.7033081
2024-09-23,102.87000274658203,101.16000366210938,102.87000274658203,102.18000030517578,786700,1.673516421379418,106.77900009155273,113.1078332265218,1395025.0,1395601.6666666667,80385006.24008179
2024-09-24,103.70999908447266,102.70500183105469,105.0,102.97000122070312,1138800,2.2288027015035916,106.30800018310546,112.88999989827474,1401360.0,1381071.6666666667,117262237.39013672
2024-09-25,102.37999725341797,101.11000061035156,103.01499938964844,102.48999786376953,1047600,1.8587167713955985,105.74900016784667,112.63466657002768,1409685.0,1381120.0,107368521.76208496
2024-09-26,106.2699966430664,101.5,106.2699966430664,104.95999908447266,2480300,4.544585255976874,105.38400001525879,112.40233319600424,1492790.0,1404625.0,260332285.72921753
2024-09-27,105.52999877929688,103.05999755859375,105.53500366210938,103.5999984741211,1115700,2.3890020656070496,104.87049980163575,112.17683321634928,1475995.0,1404396.6666666667,115586518.2975769
2024-09-30,102.52999877929688,101.66999816894531,103.99500274658203,103.30000305175781,1229900,2.2507304055661934,104.24099998474121,111.91933326721191,1449475.0,1409778.3333333333,127048673.75335693
2024-10-01,101.55000305175781,99.26000213623047,102.37000274658203,99.77999877929688,1911600,3.1168577354170597,103.82449989318847,111.56866658528646,1453815.0,1425931.6666666667,190739445.6665039
2024-10-02,100.83000183105469,100.30999755859375,103.06999969482422,102.1500015258789,958800,2.701911008323621,103.48950004577637,111.27633323669434,1453975.0,1426650.0,97941421.4630127
2024-10-03,101.80000305175781,100.19000244140625,102.58999633789062,101.68000030517578,1208500,2.3603401743520736,103.16949996948242,110.8884999593099,1468330.0,1426201.6666666667,122880280.36880493
2024-10-04,103.37000274658203,101.04000091552734,103.83999633789062,102.0,978100,2.7450935513365504,103.05200004577637,110.54666659037272,1429940.0,1424758.3333333333,99766200.0
2024-10-07,101.0999984741211,99.4800033569336,101.44999694824219,100.36000061035156,839900,1.9629270419767217,102.80650024414062,110.17266654968262,1414030.0,1419430.0,84292364.51263428
2024-10-08,100.62000274658203,99.05000305175781,101.16000366210938,100.41000366210938,996100,2.1013848554890453,102.60000038146973,109.7408332824707,1411265.0,1414601.6666666667,100018404.64782715
2024-10-09,100.13999938964844,100.04000091552734,102.22000122070312,102.16000366210938,791100,2.13390781815754,102.34950065612793,109.28999989827474,1374880.0,1404553.3333333333,80818778.89709473
2024-10-10,100.38999938964844,99.26000213623047,101.68000030517578,101.5,875800,2.384234649207204,102.14400062561035,108.92183329264323,1376980.0,1383023.3333333333,88893700.0
2024-10-11,99.75,99.75,101.92500305175781,101.83000183105469,919100,2.1359157543435403,101.85300064086914,108.54250005086263,1377340.0,1380891.6666666667,93591954.68292236
2024-10-14,102.5,101.58999633789062,104.76000213623047,104.58000183105469,1230300,3.0311777996149556,102.05900077819824,108.25550003051758,1300270.0,1381760.0,128664776.25274658
2024-10-15,105.0,102.94999694824219,107.33000183105469,103.58000183105469,2263000,4.228620202147279,102.23800086975098,107.89033342997233,1338060.0,1400380.0,234401544.14367676
2024-10-16,105.83000183105469,103.60600280761719,105.94999694824219,104.0,823700,2.253840519831731,102.44800071716308,107.53800010681152,1291620.0,1399680.0,85664800.0
2024-10-17,105.9000015258789,104.23999786376953,106.25,104.27999877929688,1191100,1.9275049479857902,102.50350074768066,107.27533340454102,1272795.0,1391488.3333333333,124207906.54602051
2024-10-18,105.38999938964844,103.51000213623047,105.38999938964844,104.5,751900,1.799040433892793,102.61550064086914,107.03916676839192,1176900.0,1375605.0,78573550.0
2024-10-21,103.48999786376953,101.33999633789062,103.75,102.19999694824219,793100,2.358124984416476,102.61650047302246,106.7090000152588,1177220.0,1370498.3333333333,81054817.57965088
2024-10-22,101.20999908447266,99.69999694824219,101.4800033569336,100.80000305175781,1082500,1.7658793202391332,102.5080005645752,106.3478333791097,1174405.0,1368783.3333333333,109116003.30352783
2024-10-23,100.81999969482422,98.44999694824219,101.76000213623047,100.23999786376953,1321500,3.302080265890189,102.3955005645752,106.02750002543131,1188100.0,1344330.0,132467157.17697144
2024-10-24,100.95999908447266,98.91000366210938,101.26499938964844,99.52999877929688,1013400,2.366116503991079,102.1240005493164,105.68966662089029,1114755.0,1297300.0,100863700.76293945
2024-10-25,99.72000122070312,98.87999725341797,100.69999694824219,99.01000213623047,1325200,1.838197813913824,101.89450073242188,105.49566663106283,1125230.0,1274776.6666666667,131208054.83093262
2024-10-28,99.1500015258789,98.875,101.11000061035156,100.26000213623047,1306600,2.229204630690818,101.74250068664551,105.36783332824707,1129065.0,1256781.6666666667,130999718.79119873
2024-10-29,99.79000091552734,99.13500213623047,100.91999816894531,100.4800033569336,2704800,1.7764689222531467,101.77750091552734,105.2990000406901,1168725.0,1270443.3333333333,271778313.079834
2024-10-30,78.01000213623047,71.30999755859375,78.01000213623047,73.04000091552734,10436900,9.173062012123259,100.32200088500977,104.79933344523111,1642630.0,1422716.6666666667,762311185.5552673
2024-10-31,73.19999694824219,70.38500213623047,74.44999694824219,71.26000213623047,4446600,5.70445508020125,98.8010009765625,104.31033350626628,1804535.0,1474983.3333333333,316864725.4989624
2024-11-01,71.25,71.25,73.08000183105469,71.86000061035156,2131100,2.546620951170814,97.29400100708008,103.72333348592123,1862185.0,1482946.6666666667,153140847.3007202
2024-11-04,71.4800033569336,71.0,72.5999984741211,71.37000274658203,1688300,2.241836083154304,95.8445011138916,103.14283358256021,1904605.0,1496843.3333333333,120493975.63705444
2024-11-05,70.93000030517578,70.8949966430664,72.41000366210938,71.80000305175781,1209000,2.110037541294893,94.41400108337402,102.55150032043457,1915250.0,1500931.6666666667,86806203.6895752
2024-11-06,72.37999725341797,72.12200164794922,73.79000091552734,72.86000061035156,1659300,2.2893209629497924,92.94900093078613,101.91566696166993,1958660.0,1506911.6666666667,120896599.01275635
2024-11-07,73.05000305175781,71.80000305175781,73.5,72.05999755859375,2191000,2.3591410017185726,91.47700080871581,101.30800031026205,2024420.0,1526961.6666666667,157883454.6508789
2024-11-08,71.75,70.19000244140625,71.97000122070312,70.3499984741211,1548300,2.530204431989667,89.90300064086914,100.6075003306071,2055880.0,1525240.0,108922902.63748169
2024-11-11,70.19999694824219,67.94000244140625,70.19999694824219,68.73999786376953,2532900,3.2877430565459798,88.11100044250489,99.90016695658366,2121010.0,1552095.0,174111540.58914185
2024-11-12,67.80000305175781,67.16000366210938,68.8499984741211,67.2699966430664,1728500,2.5122564238836014,86.29550018310547,99.14900029500326,2094285.0,1560611.6666666667,116276189.19754028
2024-11-13,66.45500183105469,65.3499984741211,67.0199966430664,65.5999984741211,1974600,2.545728975289716,84.37550010681153,98.38850021362305,2151830.0,1578338.3333333333,129533756.98699951
2024-11-14,66.0999984741211,65.66000366210938,66.79000091552734,66.30000305175781,1769700,1.7043698362062278,82.47650032043457,97.61150029500325,2180760.0,1596200.0,117331115.4006958
2024-11-15,65.62999725341797,65.5,66.58000183105469,65.61000061035156,1892800,1.6460933104827484,80.53200035095215,96.86450030008952,2237805.0,1611316.6666666667,124186609.15527344
2024-11-18,65.86000061035156,65.62000274658203,66.91999816894531,66.31999969482422,1619300,1.9601861102914575,78.73800048828124,96.04450035095215,2279115.0,1617120.0,107391975.50582886
2024-11-19,65.72000122070312,65.72000122070312,66.5999984741211,66.27999877929688,1343100,1.3276965443952955,77.0120002746582,95.27600034077962,2292145.0,1622636.6666666667,89020666.36047363
2024-11-20,65.76000213623047,64.9800033569336,67.29499816894531,65.66000366210938,2100500,3.525730555735013,75.28300056457519,94.47583376566568,2331095.0,1642960.0,137918837.69226074
2024-11-21,66.05000305175781,65.27999877929688,67.93000030517578,67.87000274658203,3630500,3.904525443698117,73.70000076293945,93.73600044250489,2461950.0,1689831.6666666667,246402044.97146606
2024-11-22,68.0,67.94000244140625,69.45999908447266,69.25,1885900,2.194941000817915,72.21200065612793,92.99233373006184,2489985.0,1697070.0,130598575.0
2024-11-25,70.11000061035156,69.35600280761719,70.77999877929688,69.70999908447266,2306600,2.0427427777672587,70.68450050354004,92.22266705830891,2539985.0,1706175.0,160793083.88824463
2024-11-26,69.94999694824219,67.58000183105469,69.94999694824219,68.1500015258789,2353900,3.4776156480165756,69.0680004119873,91.55666707356771,2522440.0,1714993.3333333333,160418288.59176636
2024-11-27,68.16999816894531,67.78500366210938,69.0,68.4000015258789,1249900,1.7763103958863733,68.83600044250488,90.88250045776367,2063090.0,1719898.3333333333,85493161.90719604
2024-11-29,68.52999877929688,68.5,70.12000274658203,69.05000305175781,1019000,2.3461298696362487,68.72550048828126,90.23200047810873,1891710.0,1721525.0,70361953.10974121
2024-12-02,69.31999969482422,69.25,71.55000305175781,70.80000305175781,1947100,3.248591740986808,68.67250061035156,89.672833887736,1882510.0,1724878.3333333333,137854685.94207764
2024-12-03,70.22000122070312,69.87999725341797,70.70999908447266,70.43000030517578,1572200,1.178477676357034,68.62550048828125,89.0921672821045,1876705.0,1731780.0,110730046.47979736
2024-12-04,71.7699966430664,69.87999725341797,71.7699966430664,70.08000183105469,1692300,2.696916866818514,68.5395004272461,88.51783396402995,1900870.0,1742461.6666666667,118596387.09869385
2024-12-05,70.1500015258789,68.44999694824219,70.56999969482422,68.69000244140625,1360500,3.0863337767245387,68.33100051879883,87.87650070190429,1885930.0,1739823.3333333333,93452748.3215332
2024-12-06,69.19000244140625,64.54000091552734,69.58000183105469,68.33000183105469,4500600,7.375970701696599,68.14450073242188,87.25516738891602,2001410.0,1800936.6666666667,307526006.2408447
2024-12-09,67.8499984741211,67.2959976196289,70.83999633789062,69.51000213623047,2340200,5.098544971004241,68.10250091552734,86.61950073242187,2041005.0,1824741.6666666667,162667306.99920654
2024-12-10,70.26000213623047,68.31999969482422,70.26000213623047,68.5999984741211,1783400,2.8279919599970595,68.09550094604492,86.08850072224935,2003530.0,1808270.0,122341237.27874756
2024-12-11,69.0,68.69499969482422,69.72000122070312,69.05999755859375,1622700,1.484218885193627,68.18500099182128,85.57283401489258,1998240.0,1810195.0,112063658.03833008
2024-12-12,68.31999969482422,67.70999908447266,69.91999816894531,69.63999938964844,1876700,3.1734622398649237,68.38700103759766,85.07016728719076,1993345.0,1812265.0,130693386.85455322
2024-12-13,70.1500015258789,68.13999938964844,70.25,69.58999633789062,2631500,3.0320458706544025,68.5515007019043,84.51050059000652,2036435.0,1829996.6666666667,183126075.36315918
2024-12-16,69.4800033569336,68.51000213623047,70.88899993896484,70.30000305175781,2632700,3.384065006345529,68.7860008239746,83.97783393859864,2073430.0,1829378.3333333333,185078818.0343628
2024-12-17,70.2699966430664,69.81999969482422,71.31999969482422,70.94999694824219,2823700,2.114164995798725,69.0175006866455,83.45733388264973,2133650.0,1863328.3333333333,200341506.38275146
2024-12-18,71.05000305175781,68.09500122070312,71.31999969482422,68.5,3854400,4.708026969519845,69.12850074768066,82.8828338623047,2259215.0,1908588.3333333333,264026400.0
2024-12-19,68.69000244140625,68.4000015258789,69.7300033569336,68.80000305175781,4105200,1.9331421105521398,69.28550071716309,82.32133394877116,2359450.0,1959548.3333333333,282437772.5280762
2024-12-20,68.91000366210938,68.18000030517578,71.31999969482422,70.8499984741211,30048600,4.431897610831091,69.43450050354004,81.75283393859863,3680355.0,2419020.0,2128943264.149475
2024-12-23,70.81999969482422,70.73999786376953,72.9800033569336,71.54000091552734,4348900,3.1311230982635925,69.5490005493164,81.2185006459554,3803505.0,2472906.6666666665,311120309.98153687
2024-12-24,71.77999877929688,70.80999755859375,72.20500183105469,71.5,973800,1.9510549265187935,69.63850059509278,80.68850059509278,3736865.0,2468638.3333333335,69626700.0
2024-12-26,71.0,70.41999816894531,72.25,71.62999725341797,1846000,2.554798130984663,69.81250038146973,80.21933390299479,3711470.0,2467545.0,132228974.92980957
2024-12-27,71.79000091552734,70.69000244140625,71.80000305175781,71.41999816894531,2037900,1.5541873968210358,69.96350021362305,79.70716718037923,3750870.0,2485530.0,145546814.26849365
2024-12-30,70.58000183105469,69.08999633789062,70.58000183105469,69.7300033569336,2339300,2.1368211980960763,69.99750022888183,79.17466723124186,3816885.0,2504376.6666666665,163119396.85287476
2024-12-31,70.0,69.20999908447266,70.38999938964844,69.93000030517578,2671100,1.6874021164396378,69.95400009155273,78.64016723632812,3853085.0,2532593.3333333335,186790023.81515503
2025-01-02,70.72000122070312,69.19999694824219,70.9800033569336,69.76000213623047,1849100,2.5516146132210973,69.92050018310547,78.13016726175944,3866930.0,2549413.3333333335,128993219.95010376
2025-01-03,69.9000015258789,69.30000305175781,71.0999984741211,70.62999725341797,3891200,2.5484857601012787,69.94799995422363,77.63383382161459,3976875.0,2597665.0,274835445.3125
2025-01-06,71.0999984741211,71.06999969482422,72.87000274658203,72.13999938964844,2669600,2.4951525741433533,70.12049980163575,77.13350041707356,4042330.0,2628973.3333333335,192584942.37060547
2025-01-07,72.68000030517578,72.36000061035156,74.19999694824219,73.62999725341797,2607900,2.4989765130070145,70.3854995727539,76.6690003712972,3947695.0,2657841.6666666665,192019669.83718872
2025-01-08,73.12999725341797,71.83000183105469,73.33000183105469,73.08000183105469,3260800,2.052545104565923,70.56399955749512,76.18983370463053,3993725.0,2696870.0,238299269.97070312
2025-01-10,72.6500015258789,71.2699966430664,72.91000366210938,71.69000244140625,5330100,2.287636997060198,70.71849975585937,75.6416670481364,4171060.0,2765200.0,382114882.01293945
2025-01-13,71.69000244140625,70.3499984741211,72.21499633789062,71.91000366210938,3144300,2.5935165745961863,70.86100006103516,75.11383374532063,4247140.0,2779888.3333333335,226106624.5147705
2025-01-14,72.4000015258789,71.75,73.0250015258789,72.81999969482422,3959400,1.7508947146693394,71.02000007629394,74.5941670735677,4351275.0,2832150.0,288323506.791687
2025-01-15,73.80999755859375,73.61000061035156,75.04499816894531,74.16000366210938,1482700,1.9350020061109223,71.24850044250488,74.09216715494792,4293835.0,2837010.0,109957037.42980957
2025-01-16,74.51000213623047,73.33000183105469,74.7300033569336,73.58999633789062,1655000,1.902434563864847,71.41300010681152,73.57700042724609,4244950.0,2852061.6666666665,121791443.93920898
2025-01-17,78.0,77.20999908447266,84.4800033569336,84.20999908447266,10027100,8.633184124807148,72.07600021362305,73.2771671295166,4605120.0,3005961.6666666665,844382081.8199158
2025-01-21,87.38999938964844,85.52999877929688,89.12999725341797,87.58000183105469,5004400,4.110525689489747,73.03000030517578,73.05683377583821,4662620.0,3071326.6666666665,438285361.1633301
2025-01-22,87.86000061035156,86.72000122070312,89.06999969482422,87.08999633789062,2338700,2.698356381832421,73.94449996948242,72.83766708374023,4574295.0,3088280.0,203677374.4354248
2025-01-23,86.81999969482422,86.75499725341797,90.91999816894531,90.56999969482422,4133200,4.598654001944708,74.93050003051758,72.68833376566569,3278525.0,3140276.6666666665,374343922.73864746
2025-01-24,90.58000183105469,88.44999694824219,91.33300018310547,88.94000244140625,3889700,3.2415146792497627,75.80050010681153,72.52050043741862,3255565.0,3183018.3333333335,345949927.4963379
2025-01-27,90.16000366210938,87.0,91.02999877929688,87.62999725341797,4335900,4.598880412654226,76.60699996948242,72.31000035603842,3423670.0,3233506.6666666665,379954905.091095
2025-01-28,88.30000305175781,85.29000091552734,89.18000030517578,85.77999877929688,5749400,4.534855962934911,77.31450004577637,72.06500027974447,3618840.0,3284250.0,493183524.98168945
2025-01-29,84.20999908447266,82.51000213623047,88.41000366210938,86.02999877929688,6016000,6.858074636284596,78.04500007629395,72.28150024414063,3817745.0,3210568.3333333335,517556472.65625
2025-01-30,86.0,82.61900329589844,86.26000213623047,83.72000122070312,3168400,4.349019096086263,78.74449996948242,72.48916689554851,3859200.0,3189265.0,265258451.86767578
2025-01-31,84.5,82.02999877929688,85.04000091552734,82.9800033569336,2404100,3.6273825192355345,79.39700012207031,72.6745002746582,3845850.0,3193815.0,199492226.07040405
2025-02-03,81.77999877929688,80.63999938964844,83.8550033569336,81.66000366210938,2210000,3.9370607679472016,79.99200019836425,72.84600028991699,3863895.0,3202510.0,180468608.09326172
2025-02-04,81.41999816894531,81.41999816894531,83.29000091552734,81.88999938964844,1532100,2.2835544761506186,80.55500030517578,73.0141668955485,3745940.0,3207895.0,125463668.06488037
2025-02-05,81.69999694824219,81.05999755859375,82.95999908447266,82.58999633789062,1980900,2.300522593687565,81.07750015258789,73.17633349100748,3711505.0,3213255.0,163602523.74572754
2025-02-06,78.75,76.58300018310547,80.91999816894531,78.88999938964844,3452700,5.49752569323625,81.34050025939942,73.2901668548584,3753745.0,3234283.3333333335,272383500.89263916
2025-02-07,78.88999938964844,76.33000183105469,79.0199966430664,77.02999877929688,2508000,3.4921392374923683,81.53800010681152,73.401500193278,3716105.0,3250278.3333333335,193191236.93847656
2025-02-10,77.69999694824219,76.11000061035156,77.69999694824219,77.26000213623047,1600400,2.0579812243430013,81.81650009155274,73.54350026448567,3529620.0,3234736.6666666665,123646907.41882324
2025-02-11,76.34500122070312,76.22000122070312,77.57499694824219,76.66000366210938,1187400,1.7675393462168516,82.05400009155274,73.70000038146972,3431775.0,3225718.3333333335,91026088.34838867
2025-02-12,75.43000030517578,75.2699966430664,77.44499969482422,77.01000213623047,1426600,2.824312415821309,82.26350021362305,73.89016710917154,3305135.0,3216585.0,109862469.04754639
2025-02-13,77.05500030517578,76.26499938964844,78.13999938964844,77.48999786376953,1472800,2.419667120518346,82.42999992370605,74.07666702270508,3304640.0,3211636.6666666665,114127268.85375977
2025-02-14,77.62000274658203,76.04000091552734,78.41999816894531,76.16000366210938,1438500,3.1249962434049214,82.55850028991699,74.25250040690104,3293815.0,3204065.0,109556165.26794434
2025-02-18,76.56500244140625,76.48999786376953,78.44999694824219,77.95999908447266,1671900,2.5141086550667118,82.24600028991699,74.44650039672851,2876055.0,3204941.6666666665,130341322.46932983
2025-02-19,77.81999969482422,77.22000122070312,80.16999816894531,78.88999938964844,2191800,3.739380112898406,81.81150016784667,74.6566670735677,2735425.0,3219086.6666666665,172911100.66223145
2025-02-20,79.0,76.87999725341797,79.92500305175781,77.0999984741211,1606500,3.9494239411196763,81.3120002746582,74.8473336537679,2698815.0,3210853.3333333335,123861147.54867554
2025-02-21,77.44000244140625,75.23500061035156,77.85299682617188,76.06999969482422,1957600,3.4415620169884664,80.58700027465821,74.98400026957194,2590035.0,3182971.6666666665,148914631.4025879
2025-02-24,76.19000244140625,74.69999694824219,76.6500015258789,75.2699966430664,1638100,2.590679772291907,79.90349998474122,75.08433354695639,2477455.0,3178841.6666666665,123299781.50100708
2025-02-25,75.12000274658203,74.75,76.87999725341797,75.12000274658203,1979400,2.835459498854829,79.27800025939942,75.1745002746582,2359630.0,3173388.3333333335,148692533.43658447
2025-02-26,75.55000305175781,74.25,76.54000091552734,74.54000091552734,1518300,3.072177203381703,78.71600036621093,75.28100026448568,2148075.0,3159461.6666666665,113174083.39004517
2025-02-27,74.72000122070312,70.9000015258789,75.05000305175781,70.95999908447266,2175800,5.848367502004383,77.96250038146972,75.32366689046223,1956065.0,3174893.3333333335,154394766.0079956
2025-02-28,70.38999938964844,69.91000366210938,72.86000061035156,72.69000244140625,7175500,4.0583255594469305,77.41100044250489,75.38433354695638,2156420.0,3277501.6666666665,521587112.51831055
2025-03-03,74.01000213623047,69.30000305175781,74.01000213623047,69.62000274658203,2843400,6.765295746420941,76.74300041198731,75.36466687520345,2178385.0,3292440.0,197957515.80963135
2025-03-04,69.01000213623047,68.13999938964844,70.91999816894531,69.2699966430664,2558300,4.013279795033943,76.12350006103516,75.34533348083497,2195800.0,3308875.0,177213432.4119568
2025-03-05,69.63999938964844,69.25,71.5,71.13999938964844,1884600,3.1627776487265433,75.58600006103515,75.36300010681153,2213425.0,3312080.0,134070442.84973145
2025-03-06,69.69999694824219,69.58000183105469,71.91000366210938,71.19999694824219,2247200,3.272474622082426,75.01650009155273,75.40483334859212,2226740.0,3326858.3333333335,160000633.14208984
2025-03-07,71.76000213623047,71.58000183105469,76.9800033569336,76.80000305175781,2995500,7.031251707424651,74.9120002746582,75.54600003560384,2203880.0,3301773.3333333335,230054409.14154053
2025-03-10,75.05999755859375,73.03500366210938,76.20999908447266,74.08000183105469,2549800,4.285900842178851,74.76450042724609,75.62216669718424,2205970.0,3305266.6666666665,188889188.66882324
2025-03-11,74.1500015258789,69.88600158691406,74.33899688720703,71.05999755859375,2412400,6.266528923845198,74.45450019836426,75.66316668192546,2246570.0,3315750.0,171425138.11035156
2025-03-12,71.48999786376953,69.1500015258789,72.33000183105469,69.31999969482422,2078200,4.587421118256606,74.0875,75.66750005086263,2291110.0,3323341.6666666665,144060823.3657837
2025-03-13,69.31999969482422,67.33999633789062,70.05999755859375,69.12000274658203,1943500,3.93518679487846,73.69300003051758,75.65883344014486,2316955.0,3324455.0,134334725.33798218
2025-03-14,69.9800033569336,69.73999786376953,71.69999694824219,71.38999938964844,1557000,2.745481301624519,73.38800010681152,75.68883349100749,2321165.0,3306546.6666666665,111154229.04968262
2025-03-17,71.44000244140625,71.44000244140625,73.72000122070312,73.0199966430664,1337000,3.1224306821621464,73.23099975585937,75.73416671752929,2316090.0,3284951.6666666665,97627735.51177979
2025-03-18,72.4800033569336,71.76000213623047,72.79000091552734,72.0199966430664,1453200,1.4301566610750964,72.93399963378906,75.75200004577637,2305155.0,3262110.0,104659459.1217041
2025-03-19,72.52999877929688,71.5,73.26000213623047,72.18000030517578,1547900,2.4383515222903993,72.59849967956544,75.81333338419596,2272960.0,3223668.3333333335,111727422.47238159
2025-03-20,71.55999755859375,71.04000091552734,73.04000091552734,72.36000061035156,1648200,2.763957964524792,72.36149978637695,75.87266667683919,2275045.0,3182718.3333333335,119263753.00598145
2025-03-21,71.55999755859375,70.77999877929688,73.37999725341797,71.80000305175781,11976200,3.6211676373423782,72.14799995422364,75.88850008646646,2775975.0,2881511.6666666665,859891196.5484619
2025-03-24,73.61000061035156,72.45999908447266,74.54000091552734,72.91000366210938,2018200,2.8528346270480913,72.03000030517578,75.91133346557618,2794980.0,2842666.6666666665,147146969.39086914
2025-03-25,72.5199966430664,72.44000244140625,75.86000061035156,75.62999725341797,2634700,4.522012816535904,72.05550003051758,75.98016675313313,2827745.0,2870348.3333333335,199262353.76358032
2025-03-26,75.3499984741211,74.13999938964844,76.08000183105469,75.0,1572100,2.586669921875,72.07849998474121,76.03633346557618,2830435.0,2865783.3333333335,117907500.0
2025-03-27,74.05000305175781,72.87000274658203,74.54000091552734,73.69000244140625,1353500,2.2662479489984984,72.21500015258789,76.07416687011718,2789320.0,2854376.6666666665,99739418.30444336
2025-03-28,73.30999755859375,71.0999984741211,73.93000030517578,71.5,2241800,3.958044518957605,72.15550003051757,76.10366681416829,2542635.0,2852751.6666666665,160288700.0
2025-03-31,70.19000244140625,69.70099639892578,72.69999694824219,72.41000366210938,1634100,4.141693685462027,72.29500007629395,76.14500020345052,2482170.0,2835468.3333333335,118325186.98425293
2025-04-01,72.0999984741211,70.72000122070312,72.68000030517578,72.2300033569336,1130200,2.713552531331164,72.4430004119873,76.18616689046225,2410765.0,2823486.6666666665,81634349.79400635
2025-04-02,71.26000213623047,70.98999786376953,73.6500015258789,72.63999938964844,913400,3.661899345346689,72.5180004119873,76.21966692606608,2362205.0,2773856.6666666665,66349375.44250488
2025-04-03,68.68000030517578,60.8849983215332,69.54000091552734,61.09000015258789,3453400,14.167625752784513,72.01250057220459,76.03550027211507,2422515.0,2786920.0,210968206.52694702
2025-04-04,58.16999816894531,53.900001525878906,58.75,56.349998474121094,4493500,8.606918554484913,70.99000034332275,75.74750029246012,2497415.0,2818346.6666666665,253208718.14346313
2025-04-07,55.119998931884766,53.18000030517578,61.119998931884766,56.38999938964844,5924800,14.080508445911665,70.10550022125244,75.46933358510336,2666165.0,2862746.6666666665,334099468.38378906
2025-04-08,58.630001068115234,49.459999084472656,58.72999954223633,50.810001373291016,6468500,18.244440478674296,69.0930004119873,75.12133356730143,2868970.0,2881720.0,328664493.88313293
2025-04-09,51.36000061035156,50.33000183105469,62.560001373291016,62.11000061035156,6423900,19.690870104738035,68.73250045776368,74.95800018310547,3086255.0,2936380.0,398988432.9208374
2025-04-10,59.060001373291016,53.099998474121094,59.54999923706055,55.119998931884766,2973600,11.701743265470892,68.03250026702881,74.66300017038981,3137760.0,2919950.0,163904828.82385254
2025-04-11,54.060001373291016,52.619998931884766,56.6349983215332,56.27000045776367,2075900,7.135239660540078,67.27650032043456,74.36483345031738,3163705.0,2929836.6666666665,116810893.9502716
2025-04-14,58.404998779296875,57.599998474121094,59.86000061035156,58.93000030517578,2345400,3.8350621492054775,66.57200050354004,74.12050018310546,3214125.0,2941343.3333333335,138214422.71575928
2025-04-15,58.880001068115234,57.650001525878906,59.529998779296875,57.810001373291016,2985700,3.2520276920224265,65.86150074005127,73.68050022125244,3290750.0,2823986.6666666665,172603321.100235
2025-04-16,56.04999923706055,54.4900016784668,57.650001525878906,56.81999969482422,3235100,5.561421795818764,65.09350070953369,73.16783351898194,3375110.0,2794498.3333333335,183818381.01272583
2025-04-17,57.40999984741211,56.20000076293945,58.02000045776367,57.630001068115234,1332000,3.1580768021730337,64.35700073242188,72.67683359781901,3359300.0,2777720.0,76763161.42272949
2025-04-21,56.060001373291016,56.0,58.33000183105469,58.20000076293945,1899000,4.003439519778124,63.67700061798096,72.13733361562093,2855440.0,2740483.3333333335,110521801.44882202
2025-04-22,58.22999954223633,58.22999954223633,60.11000061035156,59.119998931884766,2254700,3.1799748005430137,62.98750038146973,71.64033355712891,2867265.0,2713233.3333333335,133297861.59172058
2025-04-23,62.0,59.58000183105469,62.720001220703125,59.90999984741211,2073100,5.241194120590661,62.201500511169435,71.17833360036214,2839185.0,2675520.0,124199420.68367004
2025-04-24,61.73500061035156,60.91999816894531,63.709999084472656,63.5099983215332,1894400,4.39301053261308,61.627000427246095,70.80716692606607,2855300.0,2611270.0,120313340.8203125
2025-04-25,62.540000915527344,62.290000915527344,64.37000274658203,63.779998779296875,989000,3.2612133440959874,61.131500244140625,70.43633359273275,2837075.0,2527486.6666666665,63078418.79272461
2025-04-28,63.5099983215332,62.54999923706055,64.70999908447266,63.79999923706055,2218800,3.385579738623876,60.746500205993655,70.10433355967204,2835925.0,2511660.0,141559438.30718994
2025-04-29,63.060001373291016,62.34000015258789,63.790000915527344,62.650001525878906,3292700,2.3144464926158057,60.25850009918213,69.76550019582113,2918855.0,2526470.0,206287660.02426147
2025-04-30,67.94999694824219,67.08899688720703,71.83999633789062,71.66999816894531,6059700,6.628993403186952,60.230499839782716,69.5990001042684,3165330.0,2590631.6666666665,434298687.9043579
2025-05-01,71.91999816894531,69.41999816894531,72.125,69.80999755859375,2956700,3.874805795236268,60.08899974822998,69.39766674041748,3267495.0,2614375.0,206407219.78149414
2025-05-02,71.73999786376953,70.58999633789062,72.69000244140625,70.9000015258789,1955700,2.9619267395207474,60.57949981689453,69.20283349355061,3192610.0,2613955.0,138659132.98416138
2025-05-05,69.94999694824219,69.51000213623047,71.5,70.72000122070312,2058400,2.813910957890317,61.297999954223634,69.06666685740153,3070855.0,2590716.6666666665,145570050.5126953
2025-05-06,70.0199966430664,69.02999877929688,70.44999694824219,70.30999755859375,2300000,2.0196248303976096,61.9939998626709,68.95466683705648,2889615.0,2587250.0,161712994.38476562
2025-05-07,70.51000213623047,69.30999755859375,71.62999725341797,71.30000305175781,1805400,3.2538563752095406,63.01849994659424,68.85533351898194,2656460.0,2590666.6666666665,128725025.50964355
2025-05-08,71.63999938964844,71.63999938964844,74.20999908447266,72.37000274658203,2646000,3.551194690186187,63.531500053405765,68.78383350372314,2467565.0,2614976.6666666665,191491027.26745605
2025-05-09,72.93000030517578,71.7300033569336,73.7300033569336,73.19000244140625,1374900,2.732613653895067,64.43500022888183,68.72016684214275,2387630.0,2614115.0,100628934.35668945
2025-05-12,78.26000213623047,76.70999908447266,79.26000213623047,78.41999816894531,3319400,3.2517254670985514,65.54250011444091,68.735666847229,2449805.0,2644891.6666666665,260307341.92199707
2025-05-13,78.37000274658203,78.07499694824219,80.0999984741211,78.58000183105469,2410200,2.576993482683566,66.52500019073486,68.77600015004477,2453045.0,2661086.6666666665,189393520.413208
2025-05-14,78.38999938964844,77.94000244140625,79.4800033569336,79.44000244140625,1828700,1.9385710828284848,67.60650024414062,68.80066687266032,2395195.0,2663700.0,145271932.4645996
2025-05-15,78.5,77.5199966430664,78.95999908447266,78.41999816894531,1469000,1.8362694147275531,68.68650016784667,68.79283351898194,2306890.0,2651653.3333333335,115198977.31018066
2025-05-16,78.48999786376953,77.86000061035156,79.80999755859375,79.63999938964844,1290100,2.448514519320359,69.78700008392335,68.83516686757406,2304795.0,2646380.0,102743563.21258545
2025-05-19,77.83999633789062,77.83999633789062,79.0199966430664,78.81999969482422,974700,1.497082351870736,70.81800003051758,68.8810002009074,2258580.0,2629998.3333333335,76825853.70254517
2025-05-20,77.7300033569336,77.7300033569336,79.125,78.91999816894531,1560500,1.7676085598483091,71.80799999237061,68.94183355967203,2223870.0,2628705.0,123154657.14263916
2025-05-21,78.0,76.08999633789062,78.80000305175781,76.51000213623047,1609900,3.5420293271484486,72.63800010681152,68.96500021616617,2200710.0,2622546.6666666665,123173452.43911743
2025-05-22,76.75,75.73400115966797,77.23799896240234,76.0999984741211,1014200,1.976344064245719,73.26750011444092,68.99100017547607,2156700.0,2614145.0,77180618.45245361
2025-05-23,73.44999694824219,73.0,75.58999633789062,74.5999984741211,2134300,3.471845027971549,73.80850009918213,69.05166683197021,2213965.0,2613453.3333333335,159218776.74331665
2025-05-27,76.19999694824219,75.06999969482422,77.75,76.94999694824219,2314600,3.4827815613539177,74.46599998474122,69.12266674041749,2218755.0,2532438.3333333335,178108462.93640137
2025-05-28,77.25,75.80000305175781,77.58200073242188,75.91000366210938,1505900,2.347513627579431,75.12900009155274,69.22750008900961,2129415.0,2510146.6666666665,114312874.51477051
2025-05-29,77.45999908447266,75.62000274658203,77.47000122070312,76.41000366210938,1316400,2.4211469512577466,75.36600036621094,69.34650020599365,1892250.0,2489448.3333333335,100586128.82080078
2025-05-30,75.62999725341797,74.02999877929688,76.30999755859375,76.0199966430664,2665500,2.999209260692368,75.67650032043457,69.42783349355062,1877690.0,2502463.3333333335,202631301.0520935
2025-06-02,75.5999984741211,74.7699966430664,76.86000061035156,76.37000274658203,2020100,2.7366818019116743,75.95000038146972,69.51400025685628,1880910.0,2498678.3333333335,154275042.54837036
2025-06-03,76.0,75.2699966430664,79.45500183105469,79.26000213623047,3270700,5.280097243493862,76.37700042724609,69.5550002415975,1941525.0,2503265.0,259235688.986969
2025-06-04,79.20999908447266,78.9800033569336,80.41000366210938,79.2300033569336,2400300,1.804872200665682,76.82300071716308,69.64083360036214,1946540.0,2500773.3333333335,190175777.0576477
2025-06-05,79.87999725341797,77.5199966430664,80.63999938964844,78.12000274658203,2085500,3.9938589821907553,77.1640007019043,69.75850035349528,1960545.0,2495325.0,162919265.72799683
2025-06-06,79.57499694824219,78.48999786376953,79.81999969482422,78.58000183105469,1016000,1.6925449224526143,77.47450065612793,69.91283372243245,1879045.0,2477621.6666666665,79837281.86035156
2025-06-09,79.66999816894531,79.66999816894531,82.30999755859375,81.08999633789062,1723400,3.2556412737373064,77.86950035095215,70.11233361562093,1896470.0,2473953.3333333335,139750499.6887207
2025-06-10,81.81999969482422,81.4000015258789,83.30999755859375,83.01000213623047,1867600,2.3009227605852676,78.0990005493164,70.30600032806396,1823880.0,2479130.0,155029479.98962402
2025-06-11,83.69999694824219,81.98300170898438,83.88999938964844,82.62999725341797,1221400,2.3078757643129175,78.30150032043457,70.46616700490316,1764440.0,2477203.3333333335,100924278.6453247
2025-06-12,81.80999755859375,81.41999816894531,82.28500366210938,81.76000213623047,1275000,1.0579812506887778,78.41750030517578,70.62850042978923,1736755.0,2474233.3333333335,104244002.72369385
2025-06-13,79.98999786376953,79.33000183105469,81.05999755859375,79.41999816894531,1492300,2.1782872921489473,78.46750030517578,70.74916706085205,1737920.0,2473306.6666666665,118518463.26751709
2025-06-16,80.45999908447266,79.5199966430664,81.12999725341797,80.73999786376953,1830200,1.994055800036153,78.52250022888184,70.88883368174235,1764925.0,2476340.0,147770344.090271
2025-06-17,80.31999969482422,80.0,81.5,80.18000030517578,1262800,1.8707907137575455,78.59050025939942,71.02850030263265,1779330.0,2297783.3333333335,101251304.38537598
2025-06-18,80.4000015258789,79.86000061035156,81.37000274658203,80.30000305175781,846900,1.880450907650886,78.65950050354004,71.15166695912679,1743650.0,2278261.6666666665,68006072.58453369
2025-06-20,80.52999877929688,78.31999969482422,81.30999755859375,79.91000366210938,5448000,3.741706578330802,78.82950057983399,71.22300039927164,1935555.0,2325150.0,435349699.9511719
2025-06-23,79.9000015258789,79.31999969482422,81.69999694824219,80.91999816894531,1130000,2.941173142946685,79.0705005645752,71.32166703542073,1941345.0,2317781.6666666665,91439597.9309082
2025-06-24,81.43000030517578,81.32499694824219,82.77999877929688,81.58999633789062,1814300,1.7833091020485567,79.42000045776368,71.45333360036214,1925345.0,2325461.6666666665,148028730.35583496
2025-06-25,82.58000183105469,81.55000305175781,82.77999877929688,82.73999786376953,914100,1.4865793561709255,79.70950050354004,71.64066689809164,1855320.0,2303333.3333333335,75632632.04727173
2025-06-26,82.87999725341797,82.43000030517578,83.51000213623047,82.98999786376953,2009200,1.3013638496864905,80.06350021362304,71.81700013478597,1880485.0,2309585.0,166743503.70788574
2025-06-27,82.74500274658203,82.41000366210938,84.55999755859375,83.8499984741211,2836400,2.564095331674854,80.43549995422363,72.01066672007242,1956485.0,2338021.6666666665,237832135.67199707
2025-06-30,83.80999755859375,82.75,85.20999908447266,84.91000366210938,1771500,2.8971840517896688,80.88000030517578,72.21516679128011,1911785.0,2352323.3333333335,150418071.48742676
2025-07-01,84.30999755859375,84.25,87.44999694824219,86.08000183105469,1778800,3.7174684946251237,81.36550025939941,72.63166681925456,1899720.0,2324413.3333333335,153119107.25708008
2025-07-02,86.20999908447266,85.36000061035156,88.33000183105469,88.27999877929688,1485600,3.3642968529352086,81.81650009155274,73.16383349100748,1810465.0,2274281.6666666665,131148766.18652344
2025-07-03,88.62000274658203,87.77999877929688,89.58000183105469,88.77999877929688,1361300,2.027487132808528,82.2939998626709,73.7036668141683,1758515.0,2198223.3333333335,120856212.33825684
2025-07-07,87.48999786376953,86.36399841308594,89.91000366210938,87.04000091552734,2309100,4.0739949583236434,82.73999977111816,74.30750013987223,1769695.0,2128900.0,200984066.1140442
2025-07-08,87.88999938964844,86.76000213623047,89.62000274658203,88.02999877929688,2619700,3.248893161434628,83.21249961853027,74.73950010935465,1849880.0,2065496.6666666667,230612187.80212402
2025-07-09,88.20999908447266,87.69000244140625,90.0999984741211,89.87999725341797,2213200,2.681348582955365,83.65199966430664,75.31883341471354,1874370.0,2052823.3333333333,198922409.92126465
2025-07-10,89.22000122070312,89.05999755859375,91.29000091552734,90.31999969482422,1068300,2.4690028393139865,84.01749954223632,75.88633340199789,1834405.0,2036030.0,96488855.67398071
2025-07-11,89.08000183105469,87.88999938964844,89.45600128173828,88.2300033569336,1484500,1.7749085713559352,84.29749984741211,76.37466678619384,1847560.0,2021681.6666666667,130977439.98336792
2025-07-14,87.55000305175781,86.13999938964844,88.13999938964844,87.4800033569336,1259000,2.2862367664066645,84.58349990844727,76.86916681925456,1846760.0,1992903.3333333333,110137324.2263794
2025-07-15,88.73999786376953,86.88999938964844,89.19000244140625,87.02999877929688,1291500,2.6427704056281667,84.96399993896485,77.37266680399577,1836720.0,1960510.0,112399243.42346191
2025-07-16,87.0,86.19000244140625,88.3499984741211,88.0,1445200,2.4545409462668677,85.32700004577637,77.87883345286052,1817470.0,1962396.6666666667,127177600.0
2025-07-17,88.0,87.58499908447266,89.16999816894531,88.62999725341797,1214300,1.7883325438233968,85.74949989318847,78.38600006103516,1815045.0,1950985.0,107623405.66482544
2025-07-18,88.81999969482422,87.76000213623047,89.30999755859375,88.56999969482422,1021000,1.7500230639086911,86.16299972534179,78.87683340708415,1823750.0,1930423.3333333333,90429969.68841553
2025-07-21,89.18000030517578,87.87999725341797,90.66000366210938,87.93000030517578,1243500,3.161613100242157,86.56399955749512,79.34383341471354,1613525.0,1916596.6666666667,109340955.37948608
2025-07-22,88.04000091552734,86.80000305175781,88.83999633789062,87.80000305175781,1527500,2.3234546870462442,86.90799980163574,79.74866682688395,1633400.0,1910481.6666666667,134114504.66156006
2025-07-23,88.66999816894531,86.61000061035156,88.94000244140625,88.52999877929688,1127300,2.63187830473524,87.25499992370605,80.16116682688396,1599050.0,1912786.6666666667,99799867.62390137
2025-07-24,87.69999694824219,85.92400360107422,87.86000061035156,86.19000244140625,1346900,2.24619672170618,87.4275001525879,80.53433354695638,1620690.0,1898255.0,116089314.28833008
2025-07-25,86.0,84.75,86.08999633789062,85.27999877929688,1868300,1.571290287372672,87.54200019836426,80.91150016784668,1613645.0,1874515.0,159328621.71936035
2025-07-28,86.12999725341797,84.1449966430664,86.29000091552734,84.31999969482422,2483600,2.543885531575261,87.56550025939941,81.12233352661133,1596005.0,1814913.3333333333,209417151.24206543
