date,open,low,high,close,volume,daily_volatility_percentage,20_days_moving_average_of_close_price,60_days_moving_average_of_close_price,20_days_moving_average_of_volume,60_days_moving_average_of_volume,turnover
2024-01-02,1.440000057220459,1.340000033378601,1.440000057220459,1.340000033378601,2537400,7.462688160516194,,,,,3400116.0846948624
2024-01-03,1.3300000429153442,1.2799999713897705,1.3300000429153442,1.2899999618530271,3075100,3.875974651483777,,,,,3966878.882694245
2024-01-04,1.309999942779541,1.2899999618530271,1.4700000286102295,1.4199999570846558,4392400,12.676061422336446,,,,,6237207.811498642
2024-01-05,1.4199999570846558,1.3300000429153442,1.4199999570846558,1.3300000429153442,3416400,6.766910621448761,,,,,4543812.146615982
2024-01-08,1.350000023841858,1.340000033378601,1.4900000095367432,1.4900000095367432,3181000,10.0671124294005,,,,,4739690.03033638
2024-01-09,1.4600000381469729,1.3650000095367432,1.4700000286102295,1.3799999952316284,2195600,7.608697060601252,,,,,3029927.989530564
2024-01-10,1.409999966621399,1.3300000429153442,1.4199999570846558,1.340000033378601,2622900,6.716411337870699,,,,,3514686.0875487328
2024-01-11,1.3600000143051147,1.25,1.3600000143051147,1.2899999618530271,5430800,8.527133144027744,,,,,7005731.792831421
2024-01-12,1.309999942779541,1.2599999904632568,1.350000023841858,1.2599999904632568,2795100,7.142859846015656,,,,,3521825.973343849
2024-01-16,1.2799999713897705,1.1799999475479126,1.2799999713897705,1.190000057220459,4426000,8.403362943984458,,,,,5266940.253257751
2024-01-17,1.2899999618530271,1.149999976158142,1.350000023841858,1.190000057220459,11320900,16.806725887968916,,,,,13471871.647787094
2024-01-18,1.190000057220459,1.1100000143051147,1.2000000476837158,1.1699999570846558,4997600,7.692310827331858,,,,,5847191.785526276
2024-01-19,1.1699999570846558,1.1200000047683716,1.190000057220459,1.1799999475479126,4459500,5.932208098614778,,,,,5262209.766089916
2024-01-22,1.149999976158142,1.1030000448226929,1.2000000476837158,1.1699999570846558,4393100,8.29059883922752,,,,,5139926.811468601
2024-01-23,1.25,1.2400000095367432,1.565000057220459,1.4900000095367432,17282200,21.81208359755392,,,,,25750478.164815903
2024-01-24,1.4500000476837158,1.3300000429153442,1.5299999713897705,1.340000033378601,5957000,14.92536742481697,,,,,7982380.198836327
2024-01-25,1.350000023841858,1.3200000524520874,1.4600000381469729,1.4049999713897705,4076200,9.964411996137107,,,,,5727060.883378983
2024-01-26,1.4299999475479126,1.4249999523162842,1.5700000524520874,1.4600000381469729,4649900,9.931513448440514,,,,,6788854.177379608
2024-01-29,1.4900000095367432,1.440000057220459,1.75,1.7300000190734863,9314100,17.919071639407477,,,,,16113393.17765236
2024-01-30,1.7000000476837158,1.600000023841858,1.7100000381469729,1.6399999856948853,4452500,6.707318003939286,1.3552500009536743,,5248785.0,,7302099.936306477
2024-01-31,1.6200000047683716,1.6150000095367432,1.7899999618530271,1.6200000047683716,7012400,10.802466160566818,1.3692499995231628,,5472535.0,,11360088.033437729
2024-02-01,1.6799999475479126,1.6799999475479126,1.8200000524520876,1.7799999713897705,5823400,7.865174559237039,1.39375,,5609950.0,,10365651.83339119
2024-02-02,1.830000042915344,1.6200000047683716,1.840000033378601,1.7000000476837158,5303300,12.941177790552649,1.407750004529953,,5655495.0,,9015610.25288105
2024-02-05,1.6799999475479126,1.5299999713897705,1.6799999475479126,1.5399999618530271,4070700,9.740258433360768,1.4182500004768372,,5688210.0,,6268877.844715118
2024-02-06,1.5499999523162842,1.5329999923706057,1.7200000286102295,1.6649999618530271,2717200,11.231233665105083,1.426999998092651,,5665020.0,,4524137.896347046
2024-02-07,1.6799999475479126,1.5299999713897705,1.6799999475479126,1.5399999618530271,3280600,9.740258433360768,1.4349999964237212,,5719270.0,,5052123.8748550415
2024-02-08,1.559999942779541,1.5299999713897705,1.63100004196167,1.600000023841858,2988300,6.312504316680069,1.447999995946884,,5737540.0,,4781280.071246624
2024-02-09,1.6100000143051147,1.5700000524520874,1.6399999856948853,1.6299999952316284,1925600,4.294474444636463,1.464999997615814,,5562280.0,,3138727.990818024
2024-02-12,1.6299999952316284,1.6299999952316284,1.7999999523162842,1.7699999809265137,3736100,9.604517452913678,1.490499997138977,,5609330.0,,6612896.928739548
2024-02-13,1.7000000476837158,1.590000033378601,1.7000000476837158,1.6100000143051147,3514000,6.832298964456307,1.5114999949932098,,5563730.0,,5657540.050268173
2024-02-14,1.659999966621399,1.6549999713897705,1.7599999904632568,1.725000023841858,2572000,6.08695754331841,1.5382499933242797,,5126285.0,,4436700.061321259
2024-02-15,1.75,1.7300000190734863,1.8550000190734863,1.8200000524520876,3237000,6.868131670193494,1.5707499980926514,,5038255.0,,5891340.169787407
2024-02-16,1.8200000524520876,1.7400000095367432,1.830000042915344,1.7799999713897705,2398000,5.056181731752038,1.6007499992847445,,4935180.0,,4268439.93139267
2024-02-20,1.75,1.6349999904632568,1.75,1.6699999570846558,2120500,6.8862282929336365,1.6257499992847442,,4821550.0,,3541234.9089980125
2024-02-21,1.6399999856948853,1.559999942779541,1.649999976158142,1.5800000429153442,1955700,5.696204489497172,1.6302500009536742,,4055225.0,,3090006.0839295387
2024-02-22,1.6200000047683716,1.5,1.6299999952316284,1.5499999523162842,2812000,8.387096724574695,1.6407499969005586,,3897975.0,,4358599.865913391
2024-02-23,1.5800000429153442,1.5099999904632568,1.600000023841858,1.5700000524520874,2140800,5.732486010942198,1.6490000009536745,,3801205.0,,3361056.1122894287
2024-02-26,1.5700000524520874,1.5399999618530271,1.6399999856948853,1.6200000047683716,3481200,6.172840959723081,1.6569999992847442,,3742770.0,,5639544.016599655
2024-02-27,1.649999976158142,1.6399999856948853,1.7400000095367432,1.7300000190734863,3731500,5.780348135222196,1.6569999992847442,,3463640.0,,6455495.071172714
2024-02-28,1.6699999570846558,1.559999942779541,1.7100000381469729,1.6699999570846558,3702200,8.982041869587174,1.6584999978542327,,3426125.0,,6182673.841118813
2024-02-29,1.690000057220459,1.6399999856948853,1.7799999713897705,1.6399999856948853,3401100,8.536584568052042,1.6594999969005584,,3245560.0,,5577803.951346874
2024-03-01,1.6399999856948853,1.5800000429153442,1.690000057220459,1.6399999856948853,1888800,6.707318003939286,1.652499997615814,,3048830.0,,3097631.9729804997
2024-03-04,1.6200000047683716,1.5199999809265137,1.625,1.5299999713897705,3875100,6.862746473002213,1.643999993801117,,2977420.0,,5928902.8891325
2024-03-05,1.5199999809265137,1.4600000381469729,1.5499999523162842,1.4900000095367432,2562600,6.040262657266254,1.6414999961853027,,2902015.0,,3818274.024438858
2024-03-06,1.5,1.4500000476837158,1.5199999809265137,1.4800000190734863,2151200,4.7297251581536734,1.6322499990463255,,2873715.0,,3183776.041030884
2024-03-07,1.5,1.4700000286102295,1.5199999809265137,1.5,1595900,3.3333301544189453,1.6302500009536742,,2789480.0,,2393850.0
2024-03-08,1.5399999618530271,1.5199999809265137,1.6299999952316284,1.5199999809265137,3301300,7.236843137199542,1.626249998807907,,2805130.0,,5017975.9370327
2024-03-11,1.5299999713897705,1.4500000476837158,1.5800000429153442,1.4600000381469729,1934900,8.904109029793176,1.6177500009536745,,2805595.0,,2824954.0738105774
2024-03-12,1.4900000095367432,1.440000057220459,1.5099999904632568,1.4800000190734863,1392600,4.7297251581536734,1.603250002861023,,2688420.0,,2061048.026561737
2024-03-13,1.4800000190734863,1.4299999475479126,1.5299999713897705,1.4600000381469729,1544200,6.849316522537741,1.5957500040531158,,2589930.0,,2254532.058906555
2024-03-14,1.4600000381469729,1.3600000143051147,1.4700000286102295,1.3700000047683716,3627500,8.029198096514799,1.5780000030994414,,2642705.0,,4969675.017297268
2024-03-15,1.3799999952316284,1.3300000429153442,1.4199999570846558,1.3799999952316284,1917200,6.521732933354492,1.556000000238419,,2576715.0,,2645735.990858078
2024-03-18,1.3799999952316284,1.3350000381469729,1.3799999952316284,1.350000023841858,2075600,3.333330095550217,1.534500002861023,,2560595.0,,2802060.0494861603
2024-03-19,1.3300000429153442,1.309999942779541,1.4249999523162842,1.409999966621399,3046000,8.156029238234867,1.52150000333786,,2606870.0,,4294859.898328781
2024-03-20,1.3600000143051147,1.350000023841858,1.5499999523162842,1.5199999809265137,3947500,13.157890196322017,1.5185000002384186,,2706460.0,,6000199.924707413
2024-03-21,1.5,1.4800000190734863,1.6100000143051147,1.5800000429153442,2839200,8.227847575988564,1.5200000047683715,,2707820.0,,4485936.121845245
2024-03-22,1.559999942779541,1.5199999809265137,1.6150000095367432,1.559999942779541,2450000,6.089745647103198,1.5194999992847442,,2723280.0,,3821999.859809876
2024-03-25,1.5299999713897705,1.5099999904632568,1.687999963760376,1.590000033378601,3439200,11.19496663901861,1.5180000007152556,,2721180.0,,5468328.114795685
2024-03-26,1.5800000429153442,1.5800000429153442,1.7699999809265137,1.6799999475479126,4440200,11.30952047281244,1.515499997138977,,2756615.0,,7459535.7671022415
2024-03-27,1.7000000476837158,1.6779999732971191,1.940000057220459,1.919999957084656,7842100,13.645838009348864,1.527999997138977,1.513916665315628,2963610.0,3879506.6666666665,15056831.66345358
2024-03-28,1.9299999475479128,1.9299999475479128,2.0999999046325684,2.0299999713897705,6377200,8.374382240422943,1.5474999964237213,1.525416664282481,3112415.0,3943503.3333333335,12945715.817546844
2024-04-01,2.109999895095825,1.950000047683716,2.109999895095825,1.9800000190734863,3776800,8.080800296506013,1.5644999980926513,1.5369166652361552,3206815.0,3955198.3333333335,7478064.072036743
2024-04-02,1.8600000143051147,1.840000033378601,2.005000114440918,1.909999966621399,2885800,8.638747850565972,1.5834999978542328,1.5450833320617676,3157350.0,3930088.3333333335,5511877.903676033
2024-04-03,1.870000004768372,1.8200000524520876,1.919999957084656,1.840000033378601,1995300,5.434777327093245,1.6009999990463255,1.5535833319028218,3128985.0,3906403.3333333335,3671352.0666003223
2024-04-04,1.8600000143051147,1.8200000524520876,1.975000023841858,1.850000023841858,2008700,8.378376723903234,1.6194999992847443,1.5595833321412405,3121860.0,3886865.0,3716095.04789114
2024-04-05,1.850000023841858,1.7899999618530271,1.8799999952316284,1.840000033378601,1493600,4.89130607314954,1.6365000009536743,1.56724999944369,3116745.0,3875165.0,2748224.0498542786
2024-04-08,1.8600000143051147,1.7999999523162842,1.9299999475479128,1.830000042915344,1311800,7.10382470945342,1.6520000040531158,1.5754166662693023,3017270.0,3853313.3333333335,2400594.0562963486
2024-04-09,1.850000023841858,1.809999942779541,1.9700000286102293,1.830000042915344,2058500,8.743173884072421,1.6705000042915343,1.584416667620341,3023450.0,3797108.3333333335,3767055.088341236
2024-04-10,1.7799999713897705,1.7000000476837158,1.7899999618530271,1.7599999904632568,1981000,5.113631514601445,1.6845000028610229,1.5927500009536744,3052870.0,3783540.0,3486559.981107712
2024-04-11,1.7699999809265137,1.7000000476837158,1.7999999523162842,1.7300000190734863,1499600,5.780341244511894,1.698000001907349,1.6017500003178915,3050640.0,3734766.6666666665,2594308.0286026
2024-04-12,1.75,1.600000023841858,1.75,1.6100000143051147,2414700,9.316768622693642,1.7100000023841857,1.6087499996026358,2990000.0,3586330.0,3887667.0345425606
2024-04-15,1.6699999570846558,1.5800000429153442,1.6699999570846558,1.5800000429153442,1548300,5.696196944605632,1.7200000047683717,1.6155833343664805,2971555.0,3528841.6666666665,2446314.0664458275
2024-04-16,1.559999942779541,1.5399999618530271,1.6299999952316284,1.600000023841858,1707000,5.625002002343506,1.7325000047683716,1.6225833356380464,2953125.0,3482966.6666666665,2731200.0406980515
2024-04-17,1.6200000047683716,1.5800000429153442,1.6549999713897705,1.590000033378601,1202100,4.716976534589024,1.7415000081062315,1.629583336909612,2860930.0,3429783.333333333,1911339.0401244164
2024-04-18,1.590000033378601,1.534999966621399,1.6299999952316284,1.5800000429153442,1761700,6.012659875308596,1.7445000112056732,1.631083337465922,2751640.0,3171108.333333333,2783486.075603962
2024-04-19,1.5499999523162842,1.5399999618530271,1.649999976158142,1.6399999856948853,2127100,6.707318003939286,1.7475000083446504,1.6360833366711935,2716035.0,3107276.6666666665,3488443.9695715904
2024-04-22,1.6399999856948853,1.5399999618530271,1.659999966621399,1.659999966621399,2170000,7.228916095257991,1.7525000095367431,1.6403333365917203,2702035.0,3075506.6666666665,3602199.927568436
2024-04-23,1.6399999856948853,1.6200000047683716,1.7899999618530271,1.7100000381469729,2109900,9.941517736389924,1.7585000097751615,1.6445000032583872,2635570.0,3033173.333333333,3607929.0804862976
2024-04-24,1.7200000286102295,1.659999966621399,1.7699999809265137,1.690000057220459,1352100,6.508876365722238,1.759000015258789,1.6438333372275034,2481165.0,2900473.333333333,2285049.0773677826
2024-04-25,1.649999976158142,1.6100000143051147,1.659999966621399,1.6399999856948853,1025400,3.048777606854592,1.7450000166893005,1.6438333372275034,2140330.0,2843355.0,1681655.9853315353
2024-04-26,1.649999976158142,1.6449999809265137,1.7100000381469727,1.7100000381469727,1428200,3.8011728520717316,1.729000020027161,1.6453333377838135,1892880.0,2750285.0,2442222.0544815063
2024-04-29,1.7200000286102295,1.659999966621399,1.809999942779541,1.6799999475479126,1631800,8.928570288176402,1.714000016450882,1.6436666707197825,1785630.0,2680425.0,2741423.914408684
2024-04-30,1.6699999570846558,1.6200000047683716,1.7000000476837158,1.690000057220459,1149200,4.733730189744502,1.703000020980835,1.6435000042120615,1698800.0,2611190.0,1942148.0657577515
2024-05-01,1.7000000476837158,1.6799999475479126,1.809999942779541,1.7300000190734863,1533000,7.514450508575765,1.6975000202655792,1.6466666718324026,1675685.0,2568895.0,2652090.0292396545
2024-05-02,1.75,1.659999966621399,1.8300000429153442,1.8300000429153442,2385700,9.289621437555864,1.6965000212192536,1.6494166731834412,1694535.0,2563370.0,4365831.102383137
2024-05-03,1.8200000524520874,1.7699999809265137,1.899999976158142,1.8200000524520874,1670000,7.142856675002801,1.695500022172928,1.6540833413600922,1703355.0,2536526.6666666665,3039400.087594986
2024-05-06,1.8200000524520874,1.8200000524520874,1.9500000476837158,1.909999966621399,2323600,6.80628259180473,1.6995000183582305,1.6592500070730845,1753945.0,2525448.333333333,4438075.922441483
2024-05-07,1.899999976158142,1.7899999618530273,1.9299999475479126,1.7899999618530273,1774600,7.821228417790342,1.6975000143051149,1.6619166731834412,1739750.0,2522931.6666666665,3176533.9323043823
2024-05-08,1.7899999618530273,1.7000000476837158,1.809999942779541,1.7400000095367432,2279600,6.321833016834955,1.696500015258789,1.6614166736602782,1754680.0,2498656.6666666665,3966504.0217399597
2024-05-09,1.7200000286102295,1.7000000476837158,1.7999999523162842,1.7699999809265137,2334000,5.6497121870149964,1.6985000133514403,1.664083339770635,1796400.0,2478990.0,4131179.955482483
2024-05-10,1.7999999523162842,1.7000000476837158,1.8200000524520874,1.7200000286102295,2379900,6.976744347227267,1.7040000140666962,1.6640000065167746,1794660.0,2475788.333333333,4093428.068089485
2024-05-13,1.7400000095367432,1.7300000190734863,1.899999976158142,1.8799999952316284,3902900,9.04255093169352,1.7190000116825104,1.6650000055631002,1912390.0,2486886.6666666665,7337451.981389523
2024-05-14,1.8899999856948853,1.8799999952316284,2.0190000534057617,1.9900000095367432,3636100,6.9849275129647586,1.7385000109672546,1.668500006198883,2008845.0,2507521.6666666665,7235839.034676552
2024-05-15,2.0,1.8200000524520874,2.069999933242798,1.8300000429153442,2727500,13.661195351254724,1.7505000114440918,1.6711666742960611,2085115.0,2517638.333333333,4991325.117051601
2024-05-16,1.8200000524520874,1.7599999904632568,1.899999976158142,1.7799999713897705,3040500,7.8651678620858325,1.760500007867813,1.6745000064373017,2149055.0,2535718.333333333,5412089.913010597
2024-05-17,1.7999999523162842,1.7200000286102295,1.8200000524520874,1.75,2856600,5.714287076677595,1.766000008583069,1.6778333405653636,2185530.0,2536461.6666666665,4999050.0
2024-05-20,1.7599999904632568,1.7100000381469727,1.809999942779541,1.7200000286102295,1501600,5.813947847045613,1.7690000116825104,1.6803333401679992,2152110.0,2525808.333333333,2582752.0429611206
2024-05-21,1.7400000095367432,1.6399999856948853,1.7400000095367432,1.690000057220459,2342700,5.9171609737296595,1.7680000126361848,1.681500007708867,2163750.0,2506833.333333333,3959163.1340503693
2024-05-22,1.7000000476837158,1.6749999523162842,1.7899999618530273,1.7200000286102295,2212100,6.686046954874987,1.7695000112056731,1.6813333412011464,2206750.0,2481510.0,3804812.0632886887
2024-05-23,1.7300000190734863,1.6200000047683716,1.7400000095367432,1.6399999856948853,2859800,7.317073525310204,1.7695000112056731,1.6808333416779837,2298470.0,2467470.0,4690071.959090233
2024-05-24,1.6699999570846558,1.659999966621399,1.7899999618530273,1.7799999713897705,2168000,7.303370636019074,1.7730000078678132,1.6831666747728984,2335460.0,2446918.333333333,3859039.9379730225
2024-05-28,1.7899999618530273,1.7350000143051147,1.8700000047683716,1.7699999809265137,1555200,7.627118187458429,1.7775000095367433,1.6853333413600922,2331630.0,2441358.333333333,2752703.970336914
2024-05-29,1.7400000095367432,1.7100000381469727,1.7899999618530273,1.7699999809265137,1391700,4.5197697496119975,1.7815000057220458,1.689333341519038,2343755.0,2399968.333333333,2463308.973455429
2024-05-30,1.7799999713897705,1.7699999809265137,1.8259999752044678,1.809999942779541,1288600,3.093922433608327,1.7855000019073486,1.694666673739751,2331535.0,2378735.0,2332365.9262657166
2024-05-31,1.8200000524520874,1.7200000286102295,1.8550000190734863,1.7699999809265137,1072000,7.627118187458429,1.782499998807907,1.6995000064373016,2265850.0,2360748.333333333,1897439.9795532227
2024-06-03,1.7899999618530273,1.7300000190734863,1.809999942779541,1.7300000190734863,930800,4.624272995609515,1.777999997138977,1.7033333400885264,2228890.0,2349663.333333333,1610284.017753601
2024-06-04,1.7400000095367432,1.6699999570846558,1.7400000095367432,1.690000057220459,813400,4.142014797751925,1.76700000166893,1.7061666746934254,2153380.0,2308198.333333333,1374646.0465431213
2024-06-05,1.7000000476837158,1.6699999570846558,1.7200000286102295,1.7100000381469727,1037000,2.9239807257405617,1.7630000054836272,1.710333341360092,2116500.0,2293233.333333333,1773270.0395584106
2024-06-06,1.7100000381469727,1.6699999570846558,1.7100000381469727,1.6799999475479126,951800,2.3809572804273027,1.7600000023841857,1.7136666735013326,2050110.0,2285886.6666666665,1599023.9500761032
2024-06-07,1.6699999570846558,1.6299999952316284,1.7000000476837158,1.659999966621399,1311900,4.216870714434931,1.75450000166893,1.717000005642573,1999005.0,2282015.0,2177753.9562106133
2024-06-10,1.659999966621399,1.6399999856948853,1.7000000476837158,1.7000000476837158,898600,3.529415312110247,1.7535000026226044,1.7225000063578289,1924940.0,2236533.333333333,1527620.042848587
2024-06-11,1.6699999570846558,1.6399999856948853,1.7300000190734863,1.7300000190734863,1057700,5.2023140107710075,1.7460000038146972,1.7283333400885263,1782680.0,2222208.333333333,1829821.0201740265
2024-06-12,1.7699999809265137,1.7200000286102295,1.8450000286102295,1.7300000190734863,1825300,7.22543344635017,1.7330000042915343,1.7346666733423868,1692140.0,2218036.6666666665,3157769.0348148346
2024-06-13,1.7300000190734863,1.6629999876022339,1.75,1.690000057220459,1211200,5.147929553378532,1.72600000500679,1.739333341519038,1616325.0,2187456.6666666665,2046928.06930542
2024-06-14,1.649999976158142,1.6449999809265137,1.690000057220459,1.6699999570846558,1773700,2.6946154161885505,1.7205000042915344,1.7418333411216735,1552985.0,2151226.6666666665,2962078.923881054
2024-06-17,1.659999966621399,1.6299999952316284,1.7000000476837158,1.6699999570846558,878400,4.191620015026082,1.7165000021457673,1.743333339691162,1454075.0,2118546.6666666665,1466927.9623031616
2024-06-18,1.6699999570846558,1.590000033378601,1.6779999732971191,1.590000033378601,1259900,5.534587300072342,1.7100000023841857,1.7438333412011464,1441990.0,2098711.6666666665,2003241.0420536995
2024-06-20,1.590000033378601,1.5,1.600000023841858,1.5,1681200,6.66666825612386,1.7004999995231629,1.7423333406448365,1408915.0,2069411.6666666667,2521800.0
2024-06-21,1.5,1.4800000190734863,1.5499999523162842,1.5399999618530273,1488700,4.5454503231655545,1.6914999961853028,1.7400000075499216,1372745.0,2020220.0,2292597.943210602
2024-06-24,1.559999942779541,1.5549999475479126,1.649999976158142,1.6399999856948853,1310400,5.792684721882908,1.6914999961853028,1.7353333413600922,1295275.0,1911358.3333333333,2149055.9812545776
2024-06-25,1.6399999856948853,1.600000023841858,1.6699999570846558,1.6100000143051147,755200,4.347821901915338,1.68299999833107,1.728333342075348,1224635.0,1817658.3333333333,1215872.0108032227
2024-06-26,1.6200000047683716,1.600000023841858,1.690000057220459,1.6799999475479126,1327800,5.357145011222348,1.67849999666214,1.723333340883255,1213265.0,1776841.6666666667,2230703.9303541183
2024-06-27,1.690000057220459,1.6100000143051147,1.690000057220459,1.6799999475479126,1090200,4.761907465063339,1.6739999949932098,1.7195000072320303,1198190.0,1746915.0,1831535.9428167343
2024-06-28,1.6799999475479126,1.6200000047683716,1.684999942779541,1.649999976158142,1820600,3.9393902394177736,1.66599999666214,1.716333339611689,1224790.0,1744003.3333333333,3003989.9565935135
2024-07-01,1.6399999856948853,1.6200000047683716,1.6749999523162842,1.6399999856948853,1205300,3.3536553675400516,1.6594999969005584,1.7128333389759065,1231455.0,1730613.3333333333,1976691.9827580452
2024-07-02,1.659999966621399,1.5800000429153442,1.6699999570846558,1.6299999952316284,1398400,5.521467143104024,1.6544999957084656,1.7093333383401237,1254835.0,1729026.6666666667,2279391.993331909
2024-07-03,1.6399999856948853,1.6299999952316284,1.7300000190734863,1.7200000286102295,1467700,5.813954777818146,1.6559999942779542,1.7075000047683715,1287550.0,1731625.0,2524444.041991234
2024-07-05,1.7000000476837158,1.649999976158142,1.7050000429153442,1.690000057220459,1145400,3.254441709763057,1.6549999952316283,1.7051666716734568,1292970.0,1716406.6666666667,1935726.0655403137
2024-07-08,1.7000000476837158,1.6649999618530273,1.75,1.7000000476837158,1761100,5.000002103693286,1.6560000002384185,1.7041666726271312,1333435.0,1712741.6666666667,2993870.083975792
2024-07-09,1.7100000381469727,1.6200000047683716,1.7200000286102295,1.7100000381469727,2213700,5.847954480177796,1.6585000038146973,1.7038333396116891,1378525.0,1724643.3333333333,3785427.0844459534
2024-07-10,1.7100000381469727,1.690000057220459,1.7799999713897705,1.7799999713897705,1746200,5.056175034600831,1.6625,1.7066666722297668,1420905.0,1713501.6666666667,3108235.9500408173
2024-07-11,1.8700000047683716,1.8350000381469727,2.049999952316284,1.9700000286102295,7076800,10.91370106836937,1.6745000004768371,1.7131666719913483,1721860.0,1805643.3333333333,13941296.202468872
2024-07-12,2.0,1.975000023841858,2.1600000858306885,2.1500000953674316,4812600,8.60465366431597,1.6955000042915345,1.7223333398501075,1871225.0,1857403.3333333333,10347090.458965302
2024-07-15,2.200000047683716,2.0299999713897705,2.200000047683716,2.1600000858306885,3608500,7.87037358975692,1.7190000057220458,1.7318333407243094,1991090.0,1897510.0,7794360.309720039
2024-07-16,2.180000066757202,2.119999885559082,2.255000114440918,2.240000009536743,3296400,6.026795906565888,1.7475000083446504,1.7428333401679992,2067225.0,1923088.3333333333,7383936.03143692
2024-07-17,2.200000047683716,2.1500000953674316,2.2699999809265137,2.200000047683716,2864600,5.454540134461573,1.7740000128746032,1.7521666745344795,2166535.0,1935380.0,6302120.136594772
2024-07-18,2.2100000381469727,2.0899999141693115,2.3499999046325684,2.119999885559082,3123300,12.264151155587925,1.8005000054836273,1.7598333398501078,2259705.0,1951268.3333333333,6621395.642566681
2024-07-19,2.119999885559082,2.0399999618530273,2.130000114440918,2.069999933242798,1364300,4.347833598569212,1.8290000021457673,1.7658333381017048,2243860.0,1938841.6666666667,2824100.908923149
2024-07-22,2.0799999237060547,1.9800000190734863,2.11299991607666,2.0799999237060547,1977600,6.394226051999094,1.8560000002384185,1.7723333358764648,2268305.0,1949266.6666666667,4113407.8491210938
2024-07-23,2.059999942779541,2.0199999809265137,2.1500000953674316,2.119999885559082,1108800,6.132081200873961,1.8799999952316284,1.7803333342075347,2258225.0,1950656.6666666667,2350655.87310791
2024-07-24,2.0899999141693115,2.009999990463257,2.109999895095825,2.0299999713897705,1366100,4.926103745908273,1.9009999930858612,1.7856666664282481,2288770.0,1949621.6666666667,2773182.9609155655
2024-07-25,2.0299999713897705,1.9950000047683716,2.069999933242798,2.0199999809265137,2324700,3.7128677813168114,1.9179999947547912,1.7913333336512247,2338615.0,1961170.0,4695893.955659866
2024-07-26,2.049999952316284,1.9600000381469727,2.069999933242798,1.9900000095367432,1285200,5.527632892897942,1.9334999978542329,1.796333332856496,2348365.0,1963436.6666666667,2557548.0122566223
2024-07-29,1.9900000095367432,1.8300000429153442,2.009999990463257,1.8899999856948853,1726600,9.523806820651009,1.94549999833107,1.7989999989668528,2343665.0,1966663.3333333333,3263273.975300789
2024-07-30,1.909999966621399,1.8300000429153442,1.9299999475479126,1.8600000143051147,1338000,5.376338917391232,1.9564999997615815,1.7994999984900157,2350300.0,1949201.6666666667,2488680.0191402435
2024-07-31,1.8700000047683716,1.8300000429153442,1.9800000190734863,1.8799999952316284,1537600,7.978722156308363,1.9689999997615815,1.8004999975363414,2357260.0,1946995.0,2890687.992668152
2024-08-01,1.8899999856948853,1.7000000476837158,1.899999976158142,1.7100000381469727,1743300,11.695901989052265,1.9685000002384185,1.7971666653951008,2371040.0,1937323.3333333333,2981043.0665016174
2024-08-02,1.659999966621399,1.6299999952316284,1.7100000381469727,1.649999976158142,1757500,4.84848751947356,1.9664999961853027,1.7948333323001862,2401645.0,1937038.3333333333,2899874.9580979347
2024-08-05,1.5099999904632568,1.4800000190734863,1.6200000047683716,1.5800000429153442,2166200,8.860758347611412,1.960499995946884,1.7921666661898294,2421900.0,1935148.3333333333,3422596.0929632187
2024-08-06,1.6399999856948853,1.5700000524520874,1.659999966621399,1.5850000381469727,1406000,5.678227886639715,1.9542499959468842,1.7890833338101706,2381515.0,1919681.6666666667,2228510.0536346436
2024-08-07,1.590000033378601,1.2799999713897705,1.590000033378601,1.2799999713897705,6427400,24.218755384208755,1.929249995946884,1.781749999523163,2615575.0,1987140.0,8227071.816110611
2024-08-08,1.350000023841858,1.309999942779541,1.3899999856948853,1.3700000047683716,1586400,5.839419170576572,1.8992499947547912,1.7732499996821085,2341055.0,1948531.6666666667,2173368.0075645447
2024-08-09,1.3899999856948853,1.3300000429153442,1.4249999523162842,1.340000033378601,1524800,7.089545301085738,1.8587499916553498,1.7624166667461396,2176665.0,1913343.3333333333,2043232.050895691
2024-08-12,1.3799999952316284,1.3200000524520874,1.3799999952316284,1.350000023841858,1658300,4.44444012740029,1.8182499885559082,1.7544166664282481,2079155.0,1895523.3333333333,2238705.039536953
2024-08-13,1.3799999952316284,1.3600000143051147,1.4600000381469727,1.440000057220459,1208700,6.944445824181537,1.778249990940094,1.748750001192093,1974770.0,1864993.3333333333,1740528.0691623688
2024-08-14,1.4900000095367432,1.3700000047683716,1.4900000095367432,1.3799999952316284,2058400,8.695652549493667,1.7372499883174897,1.7425833344459534,1934460.0,1851690.0,2840591.990184784
2024-08-15,1.409999966621399,1.399999976158142,1.4500000476837158,1.4299999475479126,1029000,3.4965086265430414,1.702749991416931,1.7377499997615815,1829745.0,1843813.3333333333,1471469.946026802
2024-08-16,1.4199999570846558,1.399999976158142,1.4600000381469727,1.4199999570846558,1019900,4.225356605785697,1.670249992609024,1.7332499980926515,1812525.0,1821766.6666666667,1448257.9562306404
2024-08-19,1.4299999475479126,1.4049999713897705,1.4500000476837158,1.440000057220459,1208500,3.1250051740140976,1.6382499992847444,1.7285833319028219,1774070.0,1805040.0,1740240.0691509247
2024-08-20,1.4600000381469727,1.409999966621399,1.4600000381469727,1.4500000476837158,1110900,3.448280681469336,1.604750007390976,1.7254166662693025,1774175.0,1775891.6666666667,1610805.05297184
2024-08-21,1.4600000381469727,1.4199999570846558,1.4700000286102295,1.4600000381469727,879300,3.42466234377868,1.576250010728836,1.720083334048589,1749835.0,1754413.3333333333,1283778.033542633
2024-08-22,1.4600000381469727,1.409999966621399,1.4700000286102295,1.409999966621399,953000,4.255323646042417,1.5457500100135804,1.7140833338101704,1681250.0,1744376.6666666667,1343729.9681901932
2024-08-23,1.4199999570846558,1.4199999570846558,1.559999942779541,1.5399999618530273,1644500,9.09090838719426,1.5232500076293944,1.7102500001589458,1699215.0,1748590.0,2532529.9372673035
2024-08-26,1.5199999809265137,1.434999942779541,1.524999976158142,1.4500000476837158,1766500,6.20689864958077,1.501250010728836,1.7042500019073485,1701210.0,1756555.0,2561425.084233284
2024-08-27,1.4500000476837158,1.4199999570846558,1.4700000286102295,1.4500000476837158,1056000,3.448280681469336,1.4807500123977662,1.6989166696866354,1687110.0,1756288.3333333333,1531200.050354004
2024-08-28,1.4299999475479126,1.409999966621399,1.4670000076293945,1.4199999570846558,907400,4.014087516243316,1.4577500104904175,1.6937500019868215,1655600.0,1755898.3333333333,1288507.9610586166
2024-08-29,1.4450000524520874,1.4199999570846558,1.4700000286102295,1.4299999475479126,1138800,3.4965086265430414,1.4437500059604644,1.6894166668256123,1625375.0,1761321.6666666667,1628483.9402675629
2024-08-30,1.440000057220459,1.4199999570846558,1.4700000286102295,1.4299999475479126,938000,3.4965086265430414,1.432750004529953,1.6847499986489614,1584400.0,1759671.6666666667,1341339.950799942
2024-09-03,1.4199999570846558,1.350000023841858,1.4299999475479126,1.3700000047683716,2001300,5.839410469168606,1.4222500026226044,1.679583332935969,1576155.0,1777163.3333333333,2741781.009542942
2024-09-04,1.3700000047683716,1.3200000524520874,1.409999966621399,1.3200000524520874,1606400,6.818175044926999,1.40900000333786,1.6739166676998138,1586175.0,1782071.6666666667,2120448.084259033
2024-09-05,1.309999942779541,1.2599999904632568,1.3250000476837158,1.2599999904632568,2306400,5.158734739082084,1.4080000042915344,1.6665833334128062,1380125.0,1805535.0,2906063.9780044556
2024-09-06,1.2799999713897705,1.2200000286102295,1.2899999618530273,1.2400000095367432,1507400,5.645155863260793,1.401500004529953,1.6584166665871938,1376175.0,1813030.0,1869176.0143756866
2024-09-09,1.2699999809265137,1.2400000095367432,1.2799999713897705,1.2400000095367432,945000,3.225803350434739,1.39650000333786,1.6502499997615814,1347185.0,1798358.3333333333,1171800.0090122223
2024-09-10,1.2400000095367432,1.1799999475479126,1.2599999904632568,1.2200000286102295,1444300,6.557380413054316,1.3900000035762787,1.642416665951411,1336485.0,1802243.3333333333,1762046.0413217545
2024-09-11,1.2400000095367432,1.2200000286102295,1.3300000429153442,1.3300000429153442,1567900,8.270677500430452,1.384500002861023,1.6367500007152558,1354445.0,1798813.3333333333,2085307.0672869682
2024-09-12,1.3200000524520874,1.284999966621399,1.350000023841858,1.2999999523162842,1085900,5.000004584972843,1.3805000007152557,1.6305833339691163,1305820.0,1802271.6666666667,1411669.948220253
2024-09-13,1.3200000524520874,1.315000057220459,1.3600000143051147,1.3300000429153442,1234600,3.3834553107243805,1.3755000054836273,1.6262500007947287,1316100.0,1801850.0,1642018.052983284
2024-09-16,1.3350000381469727,1.2699999809265137,1.340000033378601,1.3200000524520874,1264100,5.303034065949647,1.3705000102519989,1.62325000166893,1328310.0,1794898.3333333333,1668612.0663046837
2024-09-17,1.309999942779541,1.309999942779541,1.3799999952316284,1.3300000429153442,1133600,5.263161668675448,1.3650000095367432,1.6197500030199687,1324565.0,1788980.0,1507688.0486488342
2024-09-18,1.3300000429153442,1.309999942779541,1.409999966621399,1.3200000524520874,1235600,7.575759080925313,1.3585000097751618,1.6144166707992553,1330800.0,1787733.3333333333,1630992.0648097992
2024-09-19,1.3799999952316284,1.3300000429153442,1.3799999952316284,1.3300000429153442,844900,3.759394789693757,1.3520000100135803,1.609750004609426,1329080.0,1789228.3333333333,1123717.0362591743
2024-09-20,1.3899999856948853,1.3799999952316284,1.5499999523162842,1.4600000381469727,8987500,11.643832372800425,1.354500013589859,1.6060833394527436,1730805.0,1916890.0,13121750.342845917
2024-09-23,1.5,1.3600000143051147,1.5099999904632568,1.3600000143051147,2206400,11.029409895615613,1.3455000162124633,1.6007500072320302,1758900.0,1935493.3333333333,3000704.031562805
2024-09-24,1.3799999952316284,1.3799999952316284,1.4500000476837158,1.409999966621399,1316000,4.964542844622862,1.3435000121593474,1.5967500070730845,1736375.0,1927083.3333333333,1855559.956073761
2024-09-25,1.3899999856948853,1.3300000429153442,1.399999976158142,1.350000023841858,1405500,5.1851801486336715,1.3385000109672547,1.591916674375534,1753850.0,1930420.0,1897425.0335097313
2024-09-26,1.3600000143051147,1.350000023841858,1.4049999713897705,1.350000023841858,1568500,4.0740701167835995,1.3350000143051148,1.5872500081857046,1786905.0,1933255.0,2117475.037395954
2024-09-27,1.3700000047683716,1.3700000047683716,1.4299999475479126,1.3700000047683716,1525300,4.379557851876454,1.3320000171661377,1.5814166744550069,1806230.0,1934215.0,2089661.0072731972
2024-09-30,1.3799999952316284,1.340000033378601,1.3899999856948853,1.350000023841858,1469200,3.7037001061669086,1.328000020980835,1.5757500072320303,1832790.0,1939611.6666666667,1983420.0350284576
2024-10-01,1.399999976158142,1.25,1.399999976158142,1.2599999904632568,3243600,11.904760102656228,1.3225000202655792,1.5684166729450226,1894905.0,1964320.0,4086935.96906662
2024-10-02,1.2599999904632568,1.2400000095367432,1.2899999618530273,1.2699999809265137,1093200,3.9370041785203256,1.3200000166893004,1.561083338658015,1869245.0,1945645.0,1388363.9791488647
2024-10-03,1.2599999904632568,1.25,1.2599999904632568,1.2599999904632568,755400,0.7936500427734288,1.3200000166893004,1.5524166723092396,1791695.0,1929131.6666666667,951803.9927959442
2024-10-04,1.2799999713897705,1.2699999809265137,1.2999999523162842,1.2899999618530273,1057500,2.3255792462719835,1.3225000143051147,1.5410833378632864,1769200.0,1828810.0,1364174.9596595764
2024-10-07,1.2899999618530273,1.25,1.2899999618530273,1.2599999904632568,1180000,3.174600171093715,1.3235000133514405,1.52625000278155,1780950.0,1768266.6666666667,1486799.988746643
2024-10-08,1.2599999904632568,1.2300000190734863,1.2699999809265137,1.2400000095367432,1184100,3.225803350434739,1.3245000123977662,1.510916668176651,1767940.0,1727860.0,1468284.0112924576
2024-10-09,1.25,1.2400000095367432,1.2799999713897705,1.25,727900,3.1999969482421875,1.3205000102519988,1.4944166680177053,1725940.0,1685051.6666666667,909875.0
2024-10-10,1.2400000095367432,1.2300000190734863,1.25,1.2400000095367432,925900,1.6129016752173695,1.317500013113022,1.4784166673819223,1717940.0,1652740.0,1148116.0088300705
2024-10-11,1.2400000095367432,1.2309999465942383,1.2899999618530273,1.2899999618530273,1040300,4.573644728953184,1.315500009059906,1.4645833353201547,1708225.0,1618023.3333333333,1341986.9603157043
2024-10-14,1.2899999618530273,1.2599999904632568,1.2899999618530273,1.2799999713897705,795200,2.343747817212667,1.3135000050067902,1.451416669289271,1684780.0,1608538.3333333333,1017855.9772491455
2024-10-15,1.2599999904632568,1.2599999904632568,1.2899999618530273,1.2799999713897705,711900,2.343747817212667,1.3110000014305114,1.4380833367506662,1663695.0,1587443.3333333333,911231.9796323776
2024-10-16,1.2799999713897705,1.2599999904632568,1.2899999618530273,1.2799999713897705,1108900,2.343747817212667,1.3089999973773956,1.4240833381811777,1657360.0,1587445.0,1419391.9682741165
2024-10-17,1.2799999713897705,1.2400000095367432,1.2899999618530273,1.25,808700,3.9999961853027344,1.3049999952316285,1.4110833386580148,1655550.0,1578155.0,1010875.0
2024-10-18,1.2599999904632568,1.2400000095367432,1.2699999809265137,1.2699999809265137,937400,2.3622025071121953,1.2954999923706054,1.3985833386580149,1253045.0,1555033.3333333333,1190497.982120514
2024-10-21,1.25,1.2200000286102295,1.2599999904632568,1.2300000190734863,1182700,3.2520293685164203,1.288999992609024,1.385916672150294,1201860.0,1553325.0,1454721.0225582123
2024-10-22,1.2200000286102295,1.2100000381469727,1.2300000190734863,1.2300000190734863,1055400,1.6260146842582102,1.2799999952316283,1.374916672706604,1188830.0,1542138.3333333333,1298142.0201301575
2024-10-23,1.2200000286102295,1.190000057220459,1.2300000190734863,1.2000000476837158,1206600,3.3333300219643105,1.2724999964237214,1.363916673262914,1178885.0,1539948.3333333333,1447920.0575351715
2024-10-24,1.2300000190734863,1.2100000381469727,1.2899999618530273,1.2300000190734863,2306400,6.504058737032841,1.2664999961853027,1.3530833403269449,1215780.0,1552761.6666666667,2836872.043991089
2024-10-25,1.2400000095367432,1.2200000286102295,1.2599999904632568,1.2300000190734863,1010000,3.2520293685164203,1.2594999969005585,1.3450833400090536,1190015.0,1540540.0,1242300.0192642212
2024-10-28,1.2300000190734863,1.2300000190734863,1.274999976158142,1.2599999904632568,1424500,3.571425192480429,1.2549999952316284,1.338583340247472,1187780.0,1534990.0,1794869.9864149094
2024-10-29,1.2599999904632568,1.2350000143051147,1.2699999809265137,1.25,875900,2.799997329711914,1.2544999957084655,1.3330833395322164,1069395.0,1513485.0,1094875.0
2024-10-30,1.2300000190734863,1.2300000190734863,1.2599999904632568,1.2400000095367432,754800,2.419352512826054,1.2529999971389771,1.3273333390553792,1052475.0,1502631.6666666667,935952.0071983337
2024-10-31,1.2300000190734863,1.1799999475479126,1.2400000095367432,1.1799999475479126,1582000,5.084751242024469,1.2489999949932098,1.3256666719913484,1093805.0,1421875.0,1866759.9170207977
2024-11-01,1.190000057220459,1.159999966621399,1.1979999542236328,1.159999966621399,1335900,3.2758610944543527,1.2424999952316285,1.3221666713555653,1107725.0,1417700.0,1549643.9554095268
2024-11-04,1.159999966621399,1.1299999952316284,1.1799999475479126,1.1699999570846558,1342100,4.2735003547240655,1.2379999935626984,1.3193333367506663,1115830.0,1414655.0,1570256.9424033165
2024-11-05,1.190000057220459,1.1699999570846558,1.2000000476837158,1.2000000476837158,1056300,2.5000074505803007,1.235999995470047,1.3168333371480305,1109440.0,1404621.6666666667,1267560.050368309
2024-11-06,1.149999976158142,1.1200000047683716,1.2000000476837158,1.1699999570846558,2651800,6.837610756387045,1.2319999933242798,1.3123333354791005,1205635.0,1428673.3333333333,3102605.88619709
2024-11-07,1.1699999570846558,1.1399999856948853,1.2000000476837158,1.1799999475479126,2115300,5.084751242024469,1.2289999902248383,1.3090000013510386,1265105.0,1429621.6666666667,2496053.8890480995
2024-11-08,1.1799999475479126,1.059999942779541,1.1799999475479126,1.159999966621399,3323100,10.344828294942289,1.2224999904632567,1.30450000166893,1379245.0,1467856.6666666667,3854795.889079571
2024-11-11,1.149999976158142,1.1050000190734863,1.1799999475479126,1.1649999618530273,2544900,6.437762311608386,1.2167499899864196,1.3002500017484029,1466730.0,1493273.3333333333,2964808.4029197693
2024-11-12,1.1399999856948853,1.059999942779541,1.1449999809265137,1.059999942779541,3695000,8.018871956170566,1.2057499885559082,1.2939166665077209,1615885.0,1534715.0,3916699.788570404
2024-11-13,1.100000023841858,1.0700000524520874,1.190000057220459,1.1299999952316284,3296900,10.619469493340473,1.198249989748001,1.288583332300186,1725285.0,1571148.3333333333,3725496.9842791557
2024-11-14,1.1399999856948853,1.059999942779541,1.1449999809265137,1.059999942779541,1956900,8.018871956170566,1.1887499868869782,1.2819166640440622,1782695.0,1589108.3333333333,2074313.8880252838
2024-11-15,1.0499999523162842,1.0199999809265137,1.065000057220459,1.0199999809265137,3215400,4.411772268178833,1.1762499868869782,1.275416664282481,1896595.0,1626815.0,3279707.938671112
2024-11-18,1.0099999904632568,1.0,1.0499999523162842,1.0199999809265137,1682100,4.901956201103737,1.1657499849796296,1.2667499979337056,1921565.0,1627441.6666666667,1715741.9679164886
2024-11-19,1.0099999904632568,1.0,1.0399999618530273,1.0399999618530273,1872500,3.8461503192516595,1.1562499821186065,1.2599166631698608,1962420.0,1629208.3333333333,1947399.9285697937
2024-11-20,1.0399999618530273,1.0099999904632568,1.069000005722046,1.059999942779541,1336200,5.566039475820981,1.149249976873398,1.253416661421458,1968900.0,1633878.3333333333,1416371.9235420227
2024-11-21,1.0399999618530273,1.0299999713897705,1.100000023841858,1.0700000524520874,1644000,6.542060656134582,1.1412499785423278,1.2475833296775818,1935780.0,1646155.0,1759080.0862312317
2024-11-22,1.0800000429153442,1.0700000524520874,1.1299999952316284,1.100000023841858,2186600,5.454540134461573,1.1347499787807465,1.2420833309491475,1994610.0,1663618.3333333333,2405260.0521326065
2024-11-25,1.149999976158142,1.1399999856948853,1.2000000476837158,1.159999966621399,2792800,5.1724192858027385,1.1297499775886535,1.237583331267039,2063025.0,1694531.6666666667,3239647.906780243
2024-11-26,1.1699999570846558,1.100000023841858,1.1790000200271606,1.1100000143051147,1293200,7.1171166817289215,1.1227499783039092,1.2332499980926515,2083890.0,1682730.0,1435452.0184993744
2024-11-27,1.1299999952316284,1.100000023841858,1.159999966621399,1.1200000047683716,1048000,5.357137725365427,1.1167499780654908,1.2299166639645895,2098550.0,1673423.3333333333,1173760.0049972534
2024-11-29,1.1299999952316284,1.1299999952316284,1.184999942779541,1.159999966621399,1199700,4.741374925044588,1.115749979019165,1.2282499969005585,2079435.0,1654978.3333333333,1391651.9599556923
2024-12-02,1.190000057220459,1.159999966621399,1.2200000286102295,1.1799999475479126,2076300,5.084751242024469,1.1167499780654908,1.2272499958674112,2116455.0,1664460.0,2450033.891093731
2024-12-03,1.1799999475479126,1.1230000257492065,1.1799999475479126,1.1299999952316284,1609900,5.044240888427805,1.1147499799728393,1.2254166622956595,2129845.0,1675541.6666666667,1819186.9923233986
2024-12-04,1.1299999952316284,1.090000033378601,1.1299999952316284,1.090000033378601,1371100,3.6697211585436476,1.1092499792575836,1.2232499957084655,2145585.0,1674321.6666666667,1494499.0457654
2024-12-05,1.100000023841858,1.059999942779541,1.1139999628067017,1.059999942779541,1878200,5.0943417869968295,1.103749978542328,1.2187499940395354,2106905.0,1679493.3333333333,1990891.892528534
2024-12-06,1.0850000381469727,1.0700000524520874,1.1200000047683716,1.100000023841858,1701500,4.545450112051311,1.0997499823570251,1.2154166618982951,2086215.0,1689753.3333333333,1871650.0405669212
2024-12-09,1.1100000143051147,1.1100000143051147,1.2300000190734863,1.1699999570846558,3187100,10.256411040166299,1.100249981880188,1.212749993801117,2079415.0,1722295.0,3728906.8632245064
2024-12-10,1.1799999475479126,1.1449999809265137,1.1890000104904175,1.159999966621399,826800,3.7931061060335827,1.0999999821186066,1.2100833257039387,1993510.0,1715006.6666666667,959087.9724025726
2024-12-11,1.159999966621399,1.100000023841858,1.159999966621399,1.1399999856948853,1261600,5.2631529414422,1.1039999842643737,1.2069166580835977,1871840.0,1717140.0,1438223.9819526672
2024-12-12,1.1299999952316284,1.1100000143051147,1.1399999856948853,1.1200000047683716,950800,2.6785688626827135,1.103499984741211,1.2035833239555358,1754535.0,1712393.3333333333,1064896.0045337677
2024-12-13,1.1299999952316284,1.0800000429153442,1.1299999952316284,1.090000033378601,1250400,4.587151448179559,1.104999989271164,1.1995833237965903,1719210.0,1719151.6666666667,1362936.0417366028
2024-12-16,1.0800000429153442,1.0499999523162842,1.100000023841858,1.090000033378601,1983800,4.587162384811293,1.1084999918937684,1.1934166570504507,1657630.0,1602423.3333333333,2162342.066216469
2024-12-17,1.0800000429153442,1.0700000524520874,1.1100000143051147,1.090000033378601,1333500,3.6697211585436476,1.1119999945163728,1.188916657368342,1640200.0,1587875.0,1453515.0445103645
2024-12-18,1.1100000143051147,1.090000033378601,1.3799999952316284,1.1799999475479126,10925300,24.576269046084192,1.118999993801117,1.1850833237171172,2092840.0,1748030.0,12891853.42694521
2024-12-19,1.2200000286102295,1.1299999952316284,1.2200000286102295,1.1299999952316284,3474800,7.964604757379029,1.1224999964237212,1.1814166565736135,2199770.0,1782518.3333333333,3926523.9834308624
2024-12-20,1.1399999856948853,1.100000023841858,1.2999999523162842,1.2999999523162842,6629600,15.384610446952324,1.1339999914169312,1.1805833220481872,2449050.0,1866870.0,8618479.683876038
2024-12-23,1.309999942779541,1.2699999809265137,1.440000057220459,1.4199999570846558,5198100,11.97183672054227,1.149999988079071,1.181416654586792,2599625.0,1928083.3333333333,7381301.776921749
2024-12-24,1.4600000381469727,1.399999976158142,1.559999942779541,1.5,3766200,10.666664441426594,1.166999989748001,1.1839166541894277,2648295.0,1966366.6666666667,5649300.0
2024-12-26,1.600000023841858,1.5499999523162842,1.9600000381469727,1.9500000476837158,15723100,21.025644913070753,1.2089999914169312,1.195416655143102,3369790.0,2174358.3333333335,30660045.749735832
2024-12-27,2.6700000762939453,2.0199999809265137,2.700000047683716,2.130000114440918,48418600,31.92488404798459,1.2594999969005585,1.2097499907016753,5738320.0,2963115.0,103131623.54106903
2024-12-30,2.130000114440918,1.9600000381469727,2.4700000286102295,2.140000104904175,23567800,23.8317740870435,1.3085000038146972,1.2244166592756907,6856725.0,3343321.6666666665,50435094.47236061
2024-12-31,2.075000047683716,1.8799999952316284,2.109999895095825,1.8899999856948853,11385400,12.169306963229106,1.3440000057220458,1.234416659673055,7322180.0,3515453.3333333335,21518405.837130547
2025-01-02,1.9600000381469727,1.8300000429153442,2.0899999141693115,2.069999933242798,9795600,12.560380658885315,1.3910000026226044,1.2479166587193806,7731465.0,3659046.6666666665,20276891.34607315
2025-01-03,2.115000009536743,1.9900000095367432,2.2699999809265137,2.2100000381469727,11864200,12.669681744645722,1.447000002861023,1.2640833258628845,8256120.0,3837048.3333333335,26219882.452583313
2025-01-06,2.200000047683716,1.9700000286102295,2.3299999237060547,2.009999990463257,11718300,17.91044262705961,1.4945000052452087,1.2767499923706054,8748125.0,4020221.6666666665,23553782.888245583
2025-01-07,2.009999990463257,1.9500000476837158,2.119999885559082,1.9900000095367432,5175300,8.542705379933183,1.539000004529953,1.2892499923706056,8921815.0,4091045.0,10298847.049355507
2025-01-08,1.8600000143051147,1.649999976158142,1.8700000047683716,1.8200000524520874,7409600,12.087913311531134,1.5715000092983247,1.2980833272139232,9132940.0,4197200.0,13485472.388648987
2025-01-10,1.7799999713897705,1.7109999656677246,1.8700000047683716,1.75,3838000,9.08571652003697,1.6010000109672546,1.3059166610240935,9283500.0,4247913.333333333,6716500.0
2025-01-13,1.6549999713897705,1.590000033378601,1.7200000286102295,1.7100000381469727,4729300,7.6023387328401375,1.629500013589859,1.3130833288033803,9456885.0,4314870.0,8087103.180408478
2025-01-14,1.7899999618530273,1.4900000095367432,1.809999942779541,1.5449999570846558,5681500,20.711970364492636,1.6507500112056732,1.3174999952316284,9693420.0,4391080.0,8777917.256176472
2025-01-15,1.5499999523162842,1.5499999523162842,1.7480000257492065,1.649999976158142,4617200,12.00000462387554,1.6787500083446503,1.3241666615009309,9861760.0,4454555.0,7618379.889917374
2025-01-16,1.6699999570846558,1.600000023841858,1.7200000286102295,1.6299999952316284,2213300,7.361963504258734,1.7057500064373017,1.3301666617393493,9873235.0,4475820.0,3607678.989446163
2025-01-17,1.659999966621399,1.6299999952316284,1.7300000190734863,1.659999966621399,2425800,6.024097942928766,1.7342500030994414,1.3373333275318147,9927850.0,4496538.333333333,4026827.9190301895
2025-01-21,1.6200000047683716,1.4600000381469727,1.6200000047683716,1.4900000095367432,5214100,10.738252724652304,1.749750006198883,1.3416666607062022,9642290.0,4565850.0,7769009.0497255325
2025-01-22,1.4900000095367432,1.4500000476837158,1.6100000143051147,1.590000033378601,3708500,10.062890771229355,1.7727500081062317,1.3481666604677836,9653975.0,4607548.333333333,5896515.123784542
2025-01-23,1.5499999523162842,1.5299999713897705,1.649999976158142,1.5800000429153442,2617500,7.594936804365715,1.7867500126361846,1.3539999941984813,9453370.0,4612733.333333333,4135650.1123309135
2025-01-24,1.5700000524520874,1.5299999713897705,1.649999976158142,1.5399999618530273,2028300,7.792208294861243,1.7927500128746032,1.3591666599114736,9294880.0,4629705.0,3123581.9226264954
2025-01-27,1.5099999904632568,1.4500000476837158,1.5950000286102295,1.5,2701500,9.66666539510091,1.7927500128746032,1.3631666600704193,9241645.0,4650988.333333333,4052250.0
2025-01-28,1.559999942779541,1.4299999475479126,1.559999942779541,1.4900000095367432,1767600,8.724831838896886,1.7697500109672546,1.367166660229365,8543870.0,4665850.0,2633724.016857147
2025-01-29,1.4900000095367432,1.409999966621399,1.5099999904632568,1.4199999570846558,1446200,7.042255412962399,1.7342500030994414,1.3701666593551636,6195250.0,4677373.333333333,2053603.9379358292
2025-01-30,1.4199999570846558,1.350000023841858,1.4900000095367432,1.3899999856948853,2452100,10.071941520553098,1.696749997138977,1.3736666599909464,5139465.0,4691875.0,3408418.964922428
2025-01-31,1.399999976158142,1.3600000143051147,1.4950000047683716,1.3899999856948853,2902400,9.712229629683627,1.671749997138977,1.3774999936421712,4715315.0,4717983.333333333,4034335.958480835
2025-02-03,1.3300000429153442,1.309999942779541,1.399999976158142,1.3700000047683716,2460800,6.5693454792226476,1.6367500007152558,1.3808333277702332,4348575.0,4736628.333333333,3371296.011734009
2025-02-04,1.3700000047683716,1.350000023841858,1.409999966621399,1.3799999952316284,2140100,4.347821955569661,1.5952499985694886,1.3838333268960317,3862370.0,4754691.666666667,2953337.989795208
2025-02-05,1.3700000047683716,1.3650000095367432,1.4299999475479126,1.3700000047683716,2178600,4.744521006199492,1.5632499992847442,1.3871666610240936,3385385.0,4746805.0,2984682.0103883743
2025-02-06,1.3799999952316284,1.350000023841858,1.409999966621399,1.350000023841858,1577500,4.44444012740029,1.53125,1.3899999956289928,3205495.0,4737841.666666667,2129625.037610531
2025-02-07,1.3899999856948853,1.2999999523162842,1.409999966621399,1.3200000524520874,1835800,8.333334085917201,1.50625,1.3926666637261709,2926805.0,4713053.333333333,2423256.096291542
2025-02-10,1.3300000429153442,1.2999999523162842,1.3600000143051147,1.3300000429153442,2659100,4.511282710736697,1.4852500021457673,1.3954166650772095,2867860.0,4714956.666666667,3536603.114116192
2025-02-11,1.3300000429153442,1.2999999523162842,1.3589999675750732,1.309999942779541,1716700,4.503818155411793,1.4652499973773956,1.3995833317438762,2717230.0,4681985.0,2248876.901769638
2025-02-12,1.309999942779541,1.2999999523162842,1.3799999952316284,1.340000033378601,2316300,5.970152307656038,1.455000001192093,1.403083332379659,2548970.0,4665641.666666667,3103842.0773148537
2025-02-13,1.3600000143051147,1.340000033378601,1.4299999475479126,1.3700000047683716,2978600,6.569336777814681,1.4410000026226044,1.4082500000794729,2467040.0,4682670.0,4080682.0142030716
2025-02-14,1.3700000047683716,1.3700000047683716,1.4900000095367432,1.3899999856948853,2390800,8.633093957075221,1.4290000021457672,1.4144166668256124,2475915.0,4668926.666666667,3323211.9657993317
2025-02-18,1.4500000476837158,1.4299999475479126,1.5800000429153442,1.4800000190734863,5179800,10.135141448263974,1.4200000047683716,1.4220833341280619,2613615.0,4727221.666666667,7666104.0987968445
2025-02-19,1.5299999713897705,1.4500000476837158,1.5499999523162842,1.4500000476837158,2879600,6.8965449202785845,1.4180000066757201,1.4289166688919068,2496890.0,4744006.666666667,4175420.137310028
2025-02-20,1.4600000381469727,1.3700000047683716,1.475000023841858,1.3899999856948853,2376000,7.553958284466815,1.4080000042915344,1.4344166696071625,2430265.0,4761336.666666667,3302639.9660110474
2025-02-21,1.4199999570846558,1.340000033378601,1.4500000476837158,1.350000023841858,2443800,8.148149063884787,1.39650000333786,1.4390833357969919,2421580.0,4774666.666666667,3299130.0582647324
2025-02-24,1.350000023841858,1.2699999809265137,1.3600000143051147,1.2699999809265137,2742600,7.086616907894959,1.3830000042915345,1.4419166684150695,2457295.0,4783933.333333333,3483101.9476890564
2025-02-25,1.2549999952316284,1.190000057220459,1.2769999504089355,1.2000000476837158,2736700,7.249990810950963,1.3680000066757203,1.442583336432775,2459055.0,4782998.333333333,3284040.130496025
2025-02-26,1.2400000095367432,1.2100000381469727,1.2999999523162842,1.2100000381469727,2181900,7.438009200986462,1.3540000081062318,1.4442500034968058,2479770.0,4797810.0,2640099.0832328796
2025-02-27,1.2599999904632568,1.2200000286102295,1.3300000429153442,1.2200000286102295,2265400,9.016394403729805,1.3440000116825104,1.4459166705608368,2520730.0,4818100.0,2763788.064813614
2025-02-28,1.2000000476837158,1.149999976158142,1.25,1.2300000190734863,2988300,8.130083113103058,1.3360000133514405,1.447083338101705,2547540.0,4847910.0,3675609.056997299
2025-03-03,1.2300000190734863,1.1200000047683716,1.25,1.1299999952316284,4407900,11.504424405327622,1.3230000138282776,1.4462500055631002,2622815.0,4886770.0,4980926.978981495
2025-03-04,1.090000033378601,1.059999942779541,1.1399999856948853,1.1100000143051147,2811300,7.207210980571571,1.3100000143051147,1.4459166725476582,2640340.0,4906793.333333333,3120543.040215969
2025-03-05,1.1399999856948853,1.100000023841858,1.149999976158142,1.1299999952316284,1905200,4.424774559935741,1.2975000143051147,1.446583338578542,2628595.0,4915695.0,2152875.9909152985
2025-03-06,1.1200000047683716,1.090000033378601,1.1699999570846558,1.149999976158142,1819900,6.956515249097145,1.2865000128746034,1.448083339134852,2610660.0,4914723.333333333,2092884.9566102028
2025-03-07,1.149999976158142,1.1100000143051147,1.1749999523162842,1.149999976158142,1321600,5.65216863989143,1.2765000104904174,1.4489166716734567,2597865.0,4908391.666666667,1519839.9684906006
2025-03-10,1.1200000047683716,1.0499999523162842,1.149999976158142,1.0700000524520874,2278800,9.345796162597452,1.2640000104904174,1.4472500065962473,2620015.0,4893253.333333333,2438316.119527817
2025-03-11,1.0800000429153442,1.059999942779541,1.1299999952316284,1.1100000143051147,1813500,6.306310950447061,1.253000009059906,1.4464166740576425,2577735.0,4909698.333333333,2012985.0259423256
2025-03-12,1.1200000047683716,1.1100000143051147,1.1579999923706055,1.1299999952316284,1442700,4.247785687437251,1.2440000116825103,1.4462500075499216,2564035.0,4912716.666666667,1630250.9931206703
2025-03-13,1.149999976158142,1.0700000524520874,1.156999945640564,1.0800000429153442,1807000,8.05554534550107,1.2310000121593476,1.4455833415190378,2538570.0,4926986.666666667,1951560.077548027
2025-03-14,1.1100000143051147,1.100000023841858,1.1449999809265137,1.1299999952316284,1356000,3.9822971039421664,1.2190000116825104,1.4462500075499216,2457440.0,4928746.666666667,1532279.9935340881
2025-03-17,1.1299999952316284,1.1299999952316284,1.159999966621399,1.149999976158142,1203100,2.6086932184114295,1.2070000112056731,1.4472500065962473,2398055.0,4915735.0,1383564.9713158607
2025-03-18,1.1399999856948853,1.1100000143051147,1.149999976158142,1.1299999952316284,1194300,3.539819647948593,1.1895000100135804,1.447916672627131,2198780.0,4913415.0,1349558.9943051338
2025-03-19,1.1200000047683716,1.100000023841858,1.149999976158142,1.100000023841858,1602200,4.545450112051311,1.1720000088214875,1.4465833405653636,2134910.0,4758030.0,1762420.0381994247
2025-03-20,1.100000023841858,1.090000033378601,1.1200000047683716,1.100000023841858,937700,2.7272700672307866,1.157500010728836,1.4460833410422007,2062995.0,4715745.0,1031470.0223565102
2025-03-21,1.100000023841858,1.0950000286102295,1.149999976158142,1.1100000143051147,2028100,4.954950165684801,1.145500010251999,1.4429166754086813,2042210.0,4639053.333333333,2251191.029012203
2025-03-24,1.1200000047683716,1.1200000047683716,1.159999966621399,1.149999976158142,1223900,3.4782576245485726,1.1395000100135804,1.4384166757265726,1966275.0,4572816.666666667,1407484.97081995
2025-03-25,1.1699999570846558,1.1100000143051147,1.1699999570846558,1.1200000047683716,1273600,5.357137725365427,1.135500007867813,1.4320833424727122,1893120.0,4531273.333333333,1426432.006072998
2025-03-26,1.1200000047683716,1.0800000429153442,1.1299999952316284,1.090000033378601,986600,4.587151448179559,1.1295000076293946,1.4177500089009603,1833355.0,4285665.0,1075394.0329313278
2025-03-27,1.090000033378601,1.0700000524520874,1.1200000047683716,1.1100000143051147,942600,4.504500150622547,1.1240000069141387,1.4007500072320302,1767215.0,3494398.3333333335,1046286.0134840012
2025-03-28,1.100000023841858,1.0700000524520874,1.100000023841858,1.0800000429153442,1289100,2.7777750183035925,1.1165000081062317,1.3830833395322164,1682255.0,3123086.6666666665,1392228.0553221703
2025-03-31,1.0700000524520874,1.0299999713897705,1.0700000524520874,1.0499999523162842,2038600,3.8095317027469684,1.1125000059604644,1.3690833389759063,1563790.0,2967306.6666666665,2140529.902791977
2025-04-01,1.0499999523162842,1.0199999809265137,1.0800000429153442,1.0399999618530273,1448000,5.769236941309597,1.1090000033378602,1.351916672786077,1495625.0,2828180.0,1505919.9447631836
2025-04-02,1.0299999713897705,1.0299999713897705,1.0789999961853027,1.0499999523162842,1755800,4.666669240073669,1.1050000011920929,1.332583338022232,1488155.0,2659706.6666666665,1843589.9162769318
2025-04-03,1.0199999809265137,1.0,1.0499999523162842,1.0099999904632568,2852500,4.950490375089083,1.0980000019073486,1.3159166713555654,1539785.0,2511943.3333333335,2881024.97279644
2025-04-04,1.0,0.9509999752044678,1.0099999904632568,0.9729999899864197,4667200,6.06372208283502,1.0891500025987626,1.2989666710297267,1707065.0,2503475.0,4541185.553264618
2025-04-07,0.7300000190734863,0.6800000071525574,0.9539999961853027,0.9269999861717224,5711800,29.557712310686934,1.0819999992847442,1.2840833365917206,1878715.0,2475178.3333333335,5294838.521015644
2025-04-08,0.9490000009536743,0.9300000071525574,0.9890000224113464,0.9359999895095825,2808900,6.303420504278226,1.0732999980449676,1.2705166697502137,1928485.0,2458026.6666666665,2629130.3705334663
2025-04-09,0.9279999732971191,0.9229999780654907,1.090000033378601,1.0399999618530273,2837200,16.05769821525347,1.0687999963760375,1.2593500018119812,1998210.0,2426491.6666666665,2950687.891769409
2025-04-10,1.0199999809265137,0.9829999804496765,1.0499999523162842,1.0199999809265137,2254900,6.568624815634649,1.065799993276596,1.2506000022093455,2020605.0,2369381.6666666665,2299997.9569911957
2025-04-11,1.0199999809265137,1.0149999856948853,1.1299999952316284,1.1299999952316284,2097900,10.1769920373469,1.065799993276596,1.2419333358605702,2057700.0,2327393.3333333335,2370626.9899964333
2025-04-14,1.149999976158142,1.100000023841858,1.149999976158142,1.1200000047683716,1782600,4.464281437804522,1.0642999947071075,1.233433336019516,2086675.0,2320215.0,1996512.0085000992
2025-04-15,1.100000023841858,1.059999942779541,1.1200000047683716,1.0700000524520874,1075400,5.607482153980293,1.0612999975681305,1.2236000041166941,2080730.0,2297708.3333333335,1150678.0564069748
2025-04-16,1.0399999618530273,1.034999966621399,1.1100000143051147,1.059999942779541,1209500,7.075476578522263,1.0592999935150147,1.2164333363374074,2061095.0,2230965.0,1282069.9307918549
2025-04-17,1.0800000429153442,1.059999942779541,1.1100000143051147,1.100000023841858,992600,4.545460949259217,1.0592999935150147,1.208266669511795,2063840.0,2185700.0,1091860.0236654282
2025-04-21,1.0800000429153442,1.0700000524520874,1.1399999856948853,1.1299999952316284,1354200,6.194684383910038,1.0602999925613403,1.2007666687170664,2030145.0,2164645.0,1530245.9935426712
2025-04-22,1.1399999856948853,1.1349999904632568,1.1799999475479126,1.149999976158142,1688400,3.9130398276171445,1.0602999925613403,1.194266668955485,2053370.0,2158980.0,1941659.959745407
2025-04-23,1.1799999475479126,1.1100000143051147,1.2000000476837158,1.1200000047683716,1136300,8.035717231734662,1.0602999925613403,1.1879333357016246,2046505.0,2132893.3333333335,1272656.0054183006
2025-04-24,1.1100000143051147,1.100000023841858,1.1449999809265137,1.1399999856948853,1077700,3.9473647060816504,1.0627999901771545,1.182100001970927,2051060.0,2121395.0,1228577.9845833778
2025-04-25,1.1399999856948853,1.1200000047683716,1.159999966621399,1.1399999856948853,678200,3.508768627628134,1.064299988746643,1.1774333357810973,2037840.0,2108595.0,773147.9902982712
2025-04-28,1.1399999856948853,1.1100000143051147,1.159999966621399,1.1299999952316284,1037900,4.424774559935741,1.0667999863624573,1.1731000026067098,2025280.0,2085025.0,1172826.9950509071
2025-04-29,1.1299999952316284,1.090000033378601,1.1299999952316284,1.1100000143051147,901500,3.603600120498037,1.0697999894618988,1.1684333364168802,1968425.0,2051676.6666666667,1000665.012896061
2025-04-30,1.090000033378601,1.059999942779541,1.090000033378601,1.090000033378601,840800,2.7523018055394695,1.0722999930381776,1.1637666702270508,1938065.0,2024676.6666666667,916472.0280647278
2025-05-01,1.100000023841858,1.090000033378601,1.1200000047683716,1.100000023841858,971200,2.7272700672307866,1.0747999966144561,1.1591000040372212,1898835.0,2005195.0,1068320.0231552124
2025-05-02,1.1100000143051147,1.0700000524520874,1.1399999856948853,1.1100000143051147,1128800,6.306300210871566,1.0797999978065491,1.1547666708628337,1812650.0,1987698.3333333333,1252968.0161476135
2025-05-05,1.1100000143051147,1.090000033378601,1.1449999809265137,1.1299999952316284,738500,4.867252015929315,1.0876499980688095,1.1511000037193297,1616215.0,1973715.0,834504.9964785576
2025-05-06,1.1200000047683716,1.1100000143051147,1.149999976158142,1.1299999952316284,696200,3.539819647948593,1.0977999985218048,1.147933336098989,1365435.0,1954721.6666666667,786705.9966802597
2025-05-07,1.1200000047683716,1.1200000047683716,1.25,1.2000000476837158,2519400,10.833332505491079,1.1110000014305115,1.145766669511795,1350960.0,1952393.3333333333,3023280.1201343536
2025-05-08,1.190000057220459,1.190000057220459,1.2799999713897705,1.2699999809265137,1824200,7.086607521336585,1.1225000023841858,1.1451000034809113,1300310.0,1954185.0,2316733.9652061462
2025-05-09,1.2899999618530273,1.2799999713897705,1.3700000047683716,1.2999999523162842,2092100,6.923079744598673,1.1365000009536743,1.144433335463206,1292170.0,1950448.3333333333,2719729.900240898
2025-05-12,1.3450000286102295,1.3300000429153442,1.4500000476837158,1.4299999475479126,3439300,8.391609032863334,1.1514999985694885,1.1454333345095316,1359240.0,1958126.6666666667,4918198.819601536
2025-05-13,1.409999966621399,1.3899999856948853,1.4800000190734863,1.4299999475479126,2612900,6.293708858726066,1.1669999957084656,1.1461000005404154,1400755.0,1961828.3333333333,3736446.862947941
2025-05-14,1.4299999475479126,1.340000033378601,1.4600000381469727,1.3600000143051147,2970700,8.82352966957026,1.181499993801117,1.1441000004609425,1495520.0,1925010.0,4040152.0424962044
2025-05-15,1.3600000143051147,1.350000023841858,1.409999966621399,1.3700000047683716,1507400,4.379557851876454,1.1969999969005585,1.1427666664123535,1510415.0,1902140.0,2065138.0071878433
2025-05-16,1.3799999952316284,1.3650000095367432,1.4800000190734863,1.3799999952316284,3857800,8.333334053196195,1.210999995470047,1.1425999999046326,1653675.0,1926836.6666666667,5323763.981604576
2025-05-19,1.3799999952316284,1.2799999713897705,1.3899999856948853,1.2999999523162842,2762700,8.461539872299337,1.2194999933242798,1.1417666653792062,1724100.0,1932151.6666666667,3591509.8682641983
2025-05-20,1.309999942779541,1.2899999618530273,1.3700000047683716,1.3300000429153442,2123700,6.0150406266142,1.22849999666214,1.1427666664123535,1745865.0,1921836.6666666667,2824521.0911393166
2025-05-21,1.340000033378601,1.2999999523162842,1.409999966621399,1.309999942779541,2120100,8.396948023655492,1.2379999935626984,1.1445999979972838,1795055.0,1911560.0,2777330.878686905
2025-05-22,1.3200000524520874,1.2699999809265137,1.3600000143051147,1.340000033378601,2251800,6.716420234086116,1.2479999959468842,1.1467666645844778,1853760.0,1912725.0,3017412.075161934
2025-05-23,1.3300000429153442,1.3009999990463257,1.6200000047683716,1.5099999904632568,9369600,21.125828326937874,1.2664999961853027,1.151599997282028,2288330.0,2031128.3333333333,14148095.910644531
2025-05-27,1.5499999523162842,1.4900000095367432,1.6699999570846558,1.659999966621399,4264400,10.843370552245663,1.2929999947547912,1.1587666630744935,2449655.0,2052396.6666666667,7078903.857660294
2025-05-28,1.7400000095367432,1.7300000190734863,1.850000023841858,1.809999942779541,8520500,6.629834727181959,1.3279999911785125,1.1700999955336253,2830605.0,2120940.0,15422104.51245308
2025-05-29,1.8300000429153442,1.6699999570846558,1.8799999952316284,1.6799999475479126,5209500,12.500002660921725,1.3574999868869781,1.1795999944210052,3049040.0,2160910.0,8751959.72675085
2025-05-30,1.6799999475479126,1.559999942779541,1.6990000009536743,1.559999942779541,3870100,8.910260466193925,1.3804999828338622,1.1867666602134705,3193985.0,2193658.3333333335,6037355.778551102
2025-06-02,1.5700000524520874,1.399999976158142,1.600000023841858,1.4199999570846558,4088400,14.084510825924799,1.3959999799728393,1.191266659895579,3341965.0,2231466.6666666665,5805527.824544907
2025-06-03,1.4500000476837158,1.440000057220459,1.534999966621399,1.4700000286102295,2494100,6.462578745032744,1.4129999816417693,1.1965999941031138,3429745.0,2251008.3333333335,3666327.0713567734
2025-06-04,1.4800000190734863,1.409999966621399,1.4989999532699585,1.4500000476837158,2204700,6.1379299118459665,1.4289999842643737,1.2029333273569742,3505170.0,2249773.3333333335,3196815.1051282883
2025-06-05,1.4800000190734863,1.399999976158142,1.5149999856948853,1.4199999570846558,2102800,8.098592465653661,1.4399999797344207,1.2080999930699667,3484340.0,2254595.0,2985975.909757614
2025-06-06,1.4800000190734863,1.4800000190734863,1.6200000047683716,1.6100000143051147,5686300,8.695651208134308,1.4569999814033507,1.216099993387858,3677445.0,2325321.6666666665,9154943.081343174
2025-06-09,1.7200000286102295,1.5499999523162842,1.7200000286102295,1.5700000524520874,6159500,10.828029975440609,1.470499986410141,1.2242666602134704,3880815.0,2397863.3333333335,9670415.323078632
2025-06-10,1.5700000524520874,1.4600000381469727,1.7400000095367432,1.6299999952316284,12594400,17.177912405452588,1.4804999887943269,1.2325999935468037,4338570.0,2585170.0,20528871.93994522
2025-06-11,1.8200000524520874,1.7599999904632568,1.940000057220459,1.8700000047683716,16168300,9.625671994556917,1.5024999916553496,1.244599994023641,5016340.0,2834590.0,30234721.077096462
2025-06-12,2.0199999809265137,1.7599999904632568,2.0199999809265137,1.7699999809265137,9661000,14.689265156215356,1.5229999899864197,1.255266660451889,5350855.0,2975701.6666666665,17099969.81573105
2025-06-13,1.7599999904632568,1.7100000381469727,1.899999976158142,1.75,6645500,10.857139314923968,1.541999989748001,1.266099993387858,5607760.0,3059756.6666666665,11629625.0
2025-06-16,1.8650000095367432,1.7899999618530273,2.0399999618530273,1.9299999475479126,7210100,12.953368227684562,1.5694999873638154,1.2799333254496257,5775375.0,3164296.6666666665,13915492.621815205
2025-06-17,2.0299999713897705,1.8799999952316284,2.0299999713897705,1.9299999475479126,7469100,7.772019701281277,1.6009999871253968,1.2935999910036722,6010695.0,3254980.0,14415362.608230114
2025-06-18,1.940000057220459,1.8799999952316284,2.059999942779541,1.9800000190734863,5899200,9.090906354240396,1.633499985933304,1.3074333250522614,6199470.0,3332901.6666666665,11680416.11251831
2025-06-20,2.0,1.7799999713897705,2.0190000534057617,1.7999999523162842,7707600,13.277782685962855,1.657999986410141,1.3187666575113932,6478845.0,3440135.0,13873679.632472992
2025-06-23,1.784999966621399,1.7200000286102295,1.8700000047683716,1.8600000143051147,5677200,8.064514785188386,1.6839999854564667,1.3315999905268352,6650115.0,3518311.6666666665,10559592.081212997
2025-06-24,1.909999966621399,1.809999942779541,1.940000057220459,1.8700000047683716,4946200,6.951877759862385,1.7019999861717223,1.344266657034556,6428945.0,3585038.3333333335,9249394.02358532
2025-06-25,1.9199999570846558,1.8799999952316284,2.0899999141693115,1.9500000476837158,8716700,10.769226348846965,1.7164999902248383,1.3587666571140289,6651560.0,3708831.6666666665,16997565.415644646
2025-06-26,1.9900000095367432,1.909999966621399,2.3369998931884766,2.2799999713897705,14369800,18.72806718970266,1.7399999916553497,1.3792666574319203,6944025.0,3914351.6666666665,32763143.588876724
2025-06-27,2.299999952316284,2.049999952316284,2.315999984741211,2.1500000953674316,9951100,12.372093982603651,1.7634999990463256,1.3977666596571605,7181105.0,4056070.0,21394865.94901085
2025-06-30,2.200000047683716,2.180999994277954,2.3450000286102295,2.190000057220459,8106700,7.488585846907406,1.7950000047683716,1.4167666614055634,7392935.0,4161918.3333333335,17753673.463869095
2025-07-01,2.1500000953674316,2.049999952316284,2.299999952316284,2.200000047683716,7037900,11.363636117336185,1.8340000092983246,1.436599995692571,7540410.0,4231675.0,15483380.335593224
2025-07-02,2.180000066757202,2.1700000762939453,2.5,2.4700000286102295,9085700,13.360320643062199,1.8840000092983247,1.4615499963363012,7869990.0,4305316.666666667,22441679.259943962
2025-07-03,2.494999885559082,2.4200000762939453,2.5350000858306885,2.4600000381469727,7309000,4.674797063148358,1.9345000088214874,1.4870999972025554,8125205.0,4331936.666666667,17980140.278816223
2025-07-07,2.4200000762939453,2.2200000286102295,2.4200000762939453,2.2799999713897705,8312800,8.77193202602569,1.9775000095367432,1.5094999969005585,8435705.0,4423668.333333333,18953183.762168884
2025-07-08,2.299999952316284,2.2799999713897705,2.619999885559082,2.509999990463257,11537700,13.545813364985696,2.0225000083446503,1.5339999973773957,8728275.0,4568676.666666667,28959626.88996792
2025-07-09,2.559999942779541,2.4600000381469727,2.700000047683716,2.5799999237060547,12339500,9.302326226118405,2.0730000019073485,1.5599999964237212,9037275.0,4736753.333333333,31835909.05857086
2025-07-10,2.569999933242798,2.5,2.6500000953674316,2.609999895095825,6444300,5.747130321701581,2.1219999969005583,1.584666661421458,8729770.0,4809193.333333333,16819622.323966026
2025-07-11,2.549999952316284,2.4700000286102295,2.6700000762939453,2.490000009536743,6246800,8.032130398301694,2.152999997138977,1.607499994834264,8233695.0,4883596.666666667,15554532.059574127
2025-07-14,2.430000066757202,2.380000114440918,2.700000047683716,2.6700000762939453,6648600,11.985015883856045,2.1980000019073485,1.634166661898295,8083075.0,4976483.333333333,17751762.507247925
2025-07-15,2.700000047683716,2.6700000762939453,3.2049999237060547,3.180000066757202,18033600,16.823894219526675,2.2695000052452086,1.6694999972979228,8652480.0,5256885.0,57346849.20387268
2025-07-16,3.2300000190734863,3.009999990463257,3.319999933242798,3.109999895095825,19190700,9.967844155505649,2.3285000026226044,1.7029999951521555,9251510.0,5560186.666666667,59683074.98681545
2025-07-17,3.1500000953674316,3.1050000190734863,3.3949999809265137,3.2200000286102295,16312800,9.006209915413976,2.39300000667572,1.7378333290417989,9693695.0,5809496.666666667,52527216.46671295
2025-07-18,3.315000057220459,3.25,3.859999895095825,3.7699999809265137,26012200,16.180368652042056,2.4825000047683714,1.7814999957879385,10699345.0,6214893.333333333,98065993.50385666
2025-07-21,4.190000057220459,3.4800000190734863,4.300000190734863,3.7300000190734863,26238000,21.98391869888143,2.579000008106232,1.824999996026357,11625865.0,6633255.0,97867740.50045013
2025-07-22,3.515000104904175,3.450000047683716,4.179999828338623,4.039999961853027,19340900,18.069301671975218,2.6880000054836275,1.873333328962326,12309050.0,6937641.666666667,78137235.26220322
2025-07-23,4.050000190734863,3.8350000381469727,4.25,3.9800000190734863,11197000,10.427134669955006,2.793500006198883,1.9206666628519693,12621590.0,7112955.0,44564060.21356583
2025-07-24,3.9600000381469727,3.9200000762939453,4.769999980926514,4.309999942779541,19484800,19.721575775344423,2.9115000009536742,1.9736666619777679,13159995.0,7420403.333333333,83979486.8850708
2025-07-25,4.440000057220459,4.070000171661377,4.440000057220459,4.309999942779541,9461100,8.584684233672338,3.0129999995231627,2.0269999941190084,12914560.0,7563063.333333333,40777340.458631516
2025-07-28,4.349999904632568,3.990000009536743,4.679999828338623,4.050000190734863,10931700,17.037031760649892,3.1080000042915343,2.076333330074946,12963590.0,7731245.0,44273387.085056305
2025-07-29,3.9000000953674316,3.180000066757202,3.9000000953674316,3.2300000190734863,21949900,22.291022425961433,3.160000002384186,2.111833329995473,13655750.0,8080890.0,70898177.41866112
2025-07-30,3.309999942779541,3.130000114440918,3.4200000762939453,3.1700000762939453,12903600,9.14826356067685,3.2085000038146974,2.146166664361954,13949035.0,8277136.666666667,40904412.98446655
2025-07-31,3.1500000953674316,3.140000104904175,3.3269999027252197,3.190000057220459,7067900,5.862062522468522,3.2445000052452087,2.1804999987284344,13848145.0,8382626.666666667,22546601.404428482
2025-08-01,2.950000047683716,2.9000000953674316,3.200000047683716,3.109999895095825,9337000,9.64630104294716,3.276999998092651,2.2134999970595044,13949545.0,8526640.0,29038069.02050972
2025-08-04,3.200000047683716,3.1050000190734863,3.4000000953674316,3.369999885559082,7247000,8.753711759993276,3.331499993801117,2.2496666610240936,13896255.0,8605433.333333334,24422389.170646667
2025-08-05,3.5399999618530273,3.4000000953674316,3.740000009536743,3.619999885559082,10736200,9.392263119279107,3.386999988555908,2.288833326101303,13856180.0,8753966.666666666,38865042.77133942
2025-08-06,3.4100000858306885,3.371999979019165,3.640000104904175,3.430000066757202,8558900,7.8134145967636375,3.4294999957084658,2.3243333280086516,13667150.0,8861746.666666666,29357027.571368217
2025-08-07,3.5,3.5,4.539999961853027,4.480000019073486,24683200,23.21428476395656,3.5230000019073486,2.375166662534078,14579095.0,9215811.666666666,110580736.47079468
2025-08-08,4.46999979019165,3.819999933242798,4.614999771118164,3.9000000953674316,12684600,20.384610729104782,3.593500006198883,2.4163333316644033,14900985.0,9383673.333333334,49469941.20969772
2025-08-11,4.119999885559082,3.859999895095825,4.25,3.9100000858306885,8405500,9.97442701644643,3.6555000066757204,2.458833332856496,14988830.0,9474253.333333334,32865505.721449852
2025-08-12,3.9700000286102295,3.940000057220459,4.215000152587891,4.130000114440918,6974457,6.658597766277754,3.703000009059906,2.504833334684372,14435872.85,9565370.95,28804508.20816326
